ca,datosECVmas16.prov,nomprov,gen,edad,nac,neduc,sitlab,ingnorm,horas,factorel
2,22,"Huesca",1,3,1,3,1,21237.1,36.42,393.7
2,22,"Huesca",2,2,1,2,1,17810.8,31.72,393.7
2,22,"Huesca",1,1,1,2,1,11889.1,31.88,393.7
2,22,"Huesca",1,1,1,2,1,16000.5,38.18,393.7
2,22,"Huesca",1,1,1,2,3,21169.6,0,393.7
2,22,"Huesca",1,2,1,2,1,16001.3,34.52,895.2
2,22,"Huesca",2,2,1,1,3,2279.5,0,895.2
2,22,"Huesca",2,4,1,1,3,11969.3,0,979.9
2,22,"Huesca",1,4,1,1,3,15341.9,0,1068.4
2,22,"Huesca",2,4,1,1,3,4744.4,0,1068.4
2,22,"Huesca",2,4,1,1,3,2459.4,0,723.4
2,22,"Huesca",2,2,1,2,3,4158.8,0,723.4
2,22,"Huesca",1,2,1,2,1,4888.7,33.33,723.4
2,22,"Huesca",2,3,1,2,1,12335,33.34,421.8
2,22,"Huesca",1,4,1,1,3,15026.5,0,666.6
2,22,"Huesca",1,4,1,1,3,6197.8,0,320.5
2,22,"Huesca",1,3,1,1,3,4539.2,0,1416.4
2,22,"Huesca",2,3,1,1,3,6459.2,0,1416.4
2,22,"Huesca",1,2,1,1,1,7459.9,33.26,504.9
2,22,"Huesca",2,2,1,2,1,10388.9,33.47,504.9
2,22,"Huesca",1,4,1,1,3,10285.9,0,547.6
2,22,"Huesca",2,4,1,1,3,19127.1,0,547.6
2,22,"Huesca",1,2,1,3,1,18950.8,35.08,826.1
2,22,"Huesca",1,4,1,1,3,5458.6,0,582
2,22,"Huesca",2,4,1,1,3,2747.1,0,582
2,22,"Huesca",1,3,1,1,1,11999.9,30.26,1071.2
2,22,"Huesca",2,2,1,2,3,7013.3,0,1071.2
2,22,"Huesca",1,1,1,2,1,11264.7,31.93,1071.2
2,22,"Huesca",1,4,1,1,3,6483.8,0,2222
2,22,"Huesca",2,4,1,1,3,3581.6,0,2222
2,22,"Huesca",1,2,1,2,1,11207.3,37.67,865.7
2,22,"Huesca",2,2,1,2,1,8733.9,31.88,865.7
2,22,"Huesca",1,2,1,2,1,17268.7,31.7,3871.4
2,22,"Huesca",2,2,1,2,1,7418.2,32.37,3871.4
2,22,"Huesca",1,2,1,2,1,2996.9,32.81,930.7
2,22,"Huesca",2,2,1,2,1,8984.9,32.89,930.7
2,22,"Huesca",2,1,1,2,3,11599.9,0,930.7
2,22,"Huesca",2,4,1,1,3,7634.2,0,1234.9
2,22,"Huesca",1,1,1,2,1,13413.2,29.08,930.7
2,22,"Huesca",1,2,1,1,1,8802.2,31.01,1078.4
2,22,"Huesca",1,4,1,2,3,21362.3,0,1301
2,22,"Huesca",2,4,1,1,3,6630.6,0,1301
2,22,"Huesca",1,2,1,2,1,5786.4,31.52,771
2,22,"Huesca",2,2,1,2,1,17684.8,33.77,771
2,22,"Huesca",2,1,1,2,3,8045.8,0,771
2,22,"Huesca",1,1,1,2,1,4559.4,32.16,771
2,22,"Huesca",1,4,1,1,3,-553,0,544.5
2,22,"Huesca",1,3,1,3,1,8798.1,32.15,918.8
2,22,"Huesca",2,3,1,1,3,10332.5,0,918.8
2,22,"Huesca",1,2,1,1,1,11391.6,32.91,1853.3
2,22,"Huesca",2,2,1,1,1,15194.5,38.32,1853.3
2,22,"Huesca",2,1,1,2,3,29097.4,0,1911.9
2,22,"Huesca",1,1,1,2,1,11230.7,32.68,1911.9
2,22,"Huesca",2,4,1,1,3,10994.3,0,1643.1
2,22,"Huesca",1,4,1,1,3,1379.7,0,1005.2
2,22,"Huesca",2,4,1,1,3,4309.1,0,1005.2
2,22,"Huesca",1,3,1,2,1,15853.6,35.03,464.7
2,22,"Huesca",2,2,1,2,1,8450.3,34.81,464.7
2,22,"Huesca",1,4,1,2,3,17724.7,0,381.7
2,22,"Huesca",2,3,1,1,3,8900.1,0,381.7
2,22,"Huesca",1,2,1,1,1,5516.7,26.7,401.2
2,22,"Huesca",2,2,1,1,3,6184.4,0,401.2
2,22,"Huesca",2,2,1,3,1,6564.1,35.53,1363.8
2,22,"Huesca",1,4,1,1,3,3144.8,0,704.5
2,22,"Huesca",2,4,1,2,3,4439.6,0,704.5
2,22,"Huesca",1,4,1,1,3,4858.1,0,1381.8
2,22,"Huesca",1,2,1,2,1,7219.9,28.63,188.9
2,22,"Huesca",1,4,2,2,3,35107.6,0,188.9
2,22,"Huesca",2,2,2,2,1,22508.6,27.92,188.9
2,22,"Huesca",1,2,1,2,1,20146.3,37.67,188.9
2,22,"Huesca",2,1,1,2,1,9680.6,33.62,188.9
2,22,"Huesca",2,2,1,2,1,5755.5,33.68,702.3
2,22,"Huesca",1,2,1,2,1,20587.1,34.51,702.3
2,22,"Huesca",2,4,1,1,3,38.9,0,1368.1
2,22,"Huesca",2,2,1,3,1,8888.5,37.43,1014.5
2,22,"Huesca",1,2,1,2,1,14225.9,34.77,1014.5
2,22,"Huesca",2,4,1,1,3,16028.7,0,1203.3
2,22,"Huesca",2,4,1,1,3,8532.2,0,1203.3
2,22,"Huesca",1,4,1,1,3,7039.7,0,1203.3
2,22,"Huesca",2,4,1,1,3,5682.4,0,1368.1
2,22,"Huesca",1,4,1,2,3,2150.1,0,1444.2
2,22,"Huesca",2,4,1,2,3,14430.5,0,1444.2
2,22,"Huesca",2,4,1,1,3,16014.1,0,1349.6
2,22,"Huesca",1,2,1,2,1,16339.9,37.29,436.6
2,22,"Huesca",2,2,2,3,1,24819.1,35.64,436.6
2,22,"Huesca",1,2,1,2,1,7212.8,31.94,952.4
2,22,"Huesca",2,2,2,2,1,4717.8,36.92,952.4
2,22,"Huesca",1,2,2,2,1,4945.7,30.66,423
2,22,"Huesca",2,2,1,3,3,9260.8,0,423
2,22,"Huesca",1,3,1,1,1,11650.4,30.55,371.9
2,22,"Huesca",2,3,1,1,1,5874.5,39.16,371.9
2,22,"Huesca",1,4,1,1,3,15317.6,0,659.3
2,22,"Huesca",2,4,1,1,3,4203.1,0,659.3
2,22,"Huesca",1,4,1,1,3,1214.8,0,537.6
2,22,"Huesca",2,4,1,1,3,14664.7,0,537.6
2,22,"Huesca",1,4,1,1,3,5897.5,0,671
2,22,"Huesca",2,4,2,1,3,5433.4,0,671
2,22,"Huesca",1,4,2,1,3,2199,0,671
2,22,"Huesca",2,4,2,1,3,2645.5,0,671
2,22,"Huesca",2,3,1,2,1,4783.4,29.67,728
2,22,"Huesca",2,4,1,1,3,7122.8,0,728
2,22,"Huesca",2,4,1,1,3,788.4,0,783.2
2,22,"Huesca",1,4,1,1,3,4067.6,0,783.2
2,22,"Huesca",1,2,1,2,1,8329.1,38.84,86.3
2,22,"Huesca",2,2,1,2,1,12327,30.21,86.3
2,22,"Huesca",1,2,1,2,1,12691.8,35.79,530.4
2,22,"Huesca",1,4,1,1,3,9205.6,0,415.4
2,22,"Huesca",2,3,1,1,3,15428.3,0,415.4
2,22,"Huesca",1,3,1,3,1,15683.4,40.82,458.8
2,22,"Huesca",2,3,1,2,1,5657,34.66,458.8
2,22,"Huesca",1,2,1,2,1,10106.1,34.03,458.8
2,22,"Huesca",1,3,1,2,1,14079.9,35.1,2313.3
2,22,"Huesca",2,1,1,2,1,9726.4,28.82,2313.3
2,22,"Huesca",1,4,1,1,3,4216,0,680.2
2,22,"Huesca",2,4,1,3,3,24933.2,0,680.2
2,22,"Huesca",2,4,1,1,3,6146.7,0,534.8
2,22,"Huesca",2,3,1,2,1,18675.5,37.63,534.8
2,22,"Huesca",2,4,1,1,3,6675.4,0,534.8
2,22,"Huesca",1,2,1,2,3,8870.9,0,1462.1
2,22,"Huesca",2,2,1,2,1,12076,38.02,1462.1
2,22,"Huesca",1,4,1,1,3,10529.4,0,635.4
2,22,"Huesca",1,2,1,2,1,20154.3,34.57,567.7
2,22,"Huesca",1,4,1,1,3,9108.3,0,584.3
2,22,"Huesca",2,4,1,1,3,11649.2,0,584.3
2,22,"Huesca",1,2,1,2,1,3927.3,31.97,2365.2
2,22,"Huesca",2,2,1,2,1,7499.5,28.8,2365.2
2,22,"Huesca",1,2,1,2,1,3770.1,30.95,806.3
2,22,"Huesca",1,2,1,2,1,12033.3,32.79,806.3
2,22,"Huesca",1,2,1,3,1,8909.9,27.95,813
2,22,"Huesca",2,2,1,3,1,28670.1,34.55,813
2,22,"Huesca",1,3,1,2,1,9872.2,36.7,75.7
2,22,"Huesca",2,3,1,2,3,5390.1,0,75.7
2,22,"Huesca",2,2,1,2,1,6052.6,37.12,75.7
2,22,"Huesca",1,2,1,2,1,17927.2,30.51,75.7
2,22,"Huesca",1,2,1,3,1,8191.7,31.12,497.5
2,22,"Huesca",2,2,1,2,1,5969.4,33.98,497.5
2,22,"Huesca",1,2,1,2,1,11533.4,41.76,855.4
2,22,"Huesca",2,2,1,2,3,10644.1,0,855.4
2,22,"Huesca",1,1,1,2,1,14738.7,36.48,855.4
2,22,"Huesca",1,3,1,2,3,10511.5,0,1393.5
2,22,"Huesca",1,4,1,1,3,14752.9,0,1393.5
2,22,"Huesca",2,4,1,1,3,4835.9,0,1393.5
2,22,"Huesca",1,2,1,2,1,5497.8,30.25,695.4
2,22,"Huesca",2,2,1,3,1,14484.5,31.68,695.4
2,22,"Huesca",1,4,1,1,3,8011.6,0,773.3
2,22,"Huesca",2,3,1,2,3,6768.9,0,773.3
2,22,"Huesca",1,2,1,2,1,7964.5,35.46,773.3
2,22,"Huesca",1,3,1,2,1,14994.8,24.77,250.2
2,22,"Huesca",2,3,1,2,3,9105.9,0,250.2
2,22,"Huesca",1,3,1,2,1,8825.5,37.39,250.2
2,22,"Huesca",1,2,1,2,1,11597.5,35.08,250.2
2,22,"Huesca",1,4,1,3,3,24581.2,0,220.1
2,22,"Huesca",1,2,1,2,1,12894.6,35.84,947
2,22,"Huesca",2,2,1,2,3,16168.9,0,1326
2,22,"Huesca",1,4,1,1,3,8025.2,0,941.1
2,22,"Huesca",2,3,1,2,3,2112.2,0,941.1
2,22,"Huesca",1,2,1,2,1,19902.6,32.07,941.1
2,22,"Huesca",1,2,1,1,1,4742.6,38.7,567.2
2,22,"Huesca",1,2,1,1,2,-111.8,0,567.2
2,22,"Huesca",1,1,1,1,1,2778.8,39.93,567.2
2,22,"Huesca",2,3,1,2,3,14064.6,0,920.1
2,22,"Huesca",1,2,1,3,1,21231.2,36.98,920.1
2,22,"Huesca",1,2,1,3,1,35388.4,31.72,920.1
2,22,"Huesca",2,2,1,3,1,17937,34.98,920.1
2,22,"Huesca",1,4,1,1,3,10100.4,0,1395.8
2,22,"Huesca",2,4,1,1,3,9747.7,0,1395.8
2,22,"Huesca",1,2,1,2,1,11009.5,33.79,1395.8
2,22,"Huesca",2,2,1,3,1,19639.6,35.69,1395.8
2,22,"Huesca",1,2,1,1,1,6979,32.55,54.4
2,22,"Huesca",2,2,1,2,3,2001.3,0,54.4
2,22,"Huesca",1,1,1,1,3,6465.5,0,54.4
2,22,"Huesca",1,2,1,2,1,9509.7,42.78,2248.4
2,22,"Huesca",2,2,1,2,1,5194.8,36.11,2248.4
2,22,"Huesca",1,3,1,1,3,6042.4,0,479.7
2,22,"Huesca",2,3,1,1,1,5104.9,31.36,479.7
2,22,"Huesca",2,2,1,2,1,40955,36.02,479.7
2,22,"Huesca",1,2,1,2,1,8189.7,37.03,479.7
2,22,"Huesca",1,2,1,1,1,5728.8,32.9,84.1
2,22,"Huesca",2,2,1,1,1,12799,34.71,84.1
2,22,"Huesca",1,1,1,1,1,5523.5,31.96,1064.4
2,22,"Huesca",2,2,1,1,3,5108.8,0,1064.4
2,22,"Huesca",1,1,1,1,2,4002.7,0,1064.4
2,22,"Huesca",1,3,2,2,1,10244.2,36.4,238.2
2,22,"Huesca",2,2,1,2,3,16950,0,238.2
2,22,"Huesca",1,2,1,3,3,22296.8,0,238.2
2,22,"Huesca",1,1,1,2,1,15257.4,33.38,238.2
2,44,"Teruel",1,2,1,2,1,21430.2,33.32,932
2,44,"Teruel",2,2,1,2,1,7477.1,30.81,932
2,44,"Teruel",2,1,1,1,3,10476.4,0,932
2,44,"Teruel",1,3,1,1,3,4606.8,0,494.4
2,44,"Teruel",1,3,1,1,3,9032.9,0,296.2
2,44,"Teruel",2,3,1,1,3,10608.2,0,296.2
2,44,"Teruel",2,4,1,1,3,14002.5,0,547.6
2,44,"Teruel",1,4,1,1,3,7357.4,0,547.6
2,44,"Teruel",1,3,1,2,1,9290.7,36.43,608.3
2,44,"Teruel",2,3,1,1,1,11890.4,36.68,608.3
2,44,"Teruel",1,2,1,3,1,5343.1,34.53,114.5
2,44,"Teruel",2,2,2,3,1,3409.5,33.89,114.5
2,44,"Teruel",2,4,1,1,3,9461.4,0,1643.1
2,44,"Teruel",2,3,1,1,1,11409.8,36.99,830.5
2,44,"Teruel",1,3,1,2,1,18867.8,38.66,263.3
2,44,"Teruel",2,2,1,1,1,27641.1,31.93,263.3
2,44,"Teruel",1,2,1,1,3,993.2,0,1311.6
2,44,"Teruel",2,2,1,2,1,16482.6,31.88,1311.6
2,44,"Teruel",1,4,1,1,3,3934.9,0,1499.7
2,44,"Teruel",2,3,1,2,1,13367.5,33.86,1499.7
2,44,"Teruel",1,4,1,1,3,18696.9,0,1009.1
2,44,"Teruel",2,4,1,1,3,3823.6,0,1009.1
2,44,"Teruel",1,2,1,2,1,12549.7,34.46,771
2,44,"Teruel",2,2,1,2,3,7879.8,0,771
2,44,"Teruel",2,1,1,2,3,11924.3,0,771
2,44,"Teruel",1,1,1,2,1,12375.6,33.77,771
2,44,"Teruel",1,3,1,1,3,7175.7,0,478.8
2,44,"Teruel",2,3,1,3,1,20968.6,32.59,478.8
2,44,"Teruel",1,2,1,2,1,7461.2,27.42,729.3
2,44,"Teruel",2,2,1,2,3,4544.9,0,729.3
2,44,"Teruel",2,4,1,1,3,1085.5,0,3045.2
2,44,"Teruel",1,2,1,2,1,2630.3,29.8,117.6
2,44,"Teruel",2,2,1,3,1,31916.1,36.97,117.6
2,44,"Teruel",1,1,1,2,3,5511.3,0,117.6
2,44,"Teruel",1,2,1,2,1,10907,36.29,557.4
2,44,"Teruel",2,2,1,2,1,6129.5,28.07,557.4
2,44,"Teruel",1,1,1,2,3,13146.7,0,557.4
2,44,"Teruel",2,4,1,1,3,7970.3,0,932.6
2,44,"Teruel",1,3,1,2,3,6728.9,0,207.1
2,44,"Teruel",2,3,1,2,3,6170.2,0,207.1
2,44,"Teruel",1,2,1,2,1,10646.1,34.26,207.1
2,44,"Teruel",2,1,1,2,3,13918.1,0,207.1
2,44,"Teruel",2,4,1,1,3,2887.8,0,207.1
2,44,"Teruel",1,2,1,2,1,11664.1,32.16,406.7
2,44,"Teruel",2,2,1,2,2,10882.1,0,406.7
2,44,"Teruel",2,4,1,1,3,11211.4,0,777.4
2,44,"Teruel",1,4,1,1,3,5650.8,0,777.4
2,44,"Teruel",1,3,1,1,1,5377.9,29.69,1040.8
2,44,"Teruel",2,4,1,1,3,2328.7,0,1040.8
2,44,"Teruel",2,2,1,2,3,16525.9,0,1040.8
2,44,"Teruel",1,2,1,2,1,15525.6,35.84,1040.8
2,44,"Teruel",1,3,1,2,1,18069.3,36.05,1400.9
2,44,"Teruel",2,3,1,3,1,46134,38.93,1400.9
2,44,"Teruel",2,4,1,1,3,12396.1,0,547.6
2,44,"Teruel",1,4,1,1,3,3204.5,0,547.6
2,44,"Teruel",1,2,1,2,1,15488.4,32.3,591.8
2,44,"Teruel",2,2,1,2,1,5436.3,32.08,591.8
2,44,"Teruel",2,1,1,2,1,10380.1,33.94,591.8
2,44,"Teruel",2,4,1,1,3,9208.4,0,1023.8
2,44,"Teruel",1,4,1,1,3,19462.2,0,1023.8
2,44,"Teruel",2,2,1,2,1,11954.7,34.05,1016
2,44,"Teruel",1,3,1,1,3,12794.7,0,1016
2,44,"Teruel",2,3,1,1,1,7643.3,37.7,1016
2,44,"Teruel",2,3,1,1,3,6941.9,0,2350.9
2,44,"Teruel",2,4,1,1,3,15549.9,0,731.4
2,44,"Teruel",1,4,1,1,3,-999.5,0,731.4
2,44,"Teruel",1,4,1,2,3,5215,0,574.1
2,44,"Teruel",2,3,1,1,3,4136.1,0,574.1
2,44,"Teruel",2,2,1,2,1,15590.4,36.24,574.1
2,44,"Teruel",1,3,1,1,2,3090,0,160.1
2,44,"Teruel",2,2,1,2,1,7348,32.96,160.1
2,44,"Teruel",2,2,1,2,1,8481.1,34.82,2789.1
2,44,"Teruel",1,2,1,2,1,4354.9,34.12,2789.1
2,44,"Teruel",1,4,1,1,3,3869.6,0,966.7
2,44,"Teruel",2,3,1,1,3,5325.5,0,966.7
2,44,"Teruel",2,2,1,2,1,16404.6,31.94,966.7
2,44,"Teruel",1,3,1,1,1,4461.1,29.57,877
2,44,"Teruel",2,2,1,1,1,7553,34.21,877
2,44,"Teruel",2,1,1,2,3,4167.9,0,877
2,44,"Teruel",1,1,1,1,3,3971.6,0,877
2,44,"Teruel",1,2,1,2,1,8084.9,38.1,1210
2,44,"Teruel",2,1,1,2,1,7654.9,38.14,1210
2,44,"Teruel",2,2,1,2,1,1821.3,35.67,1521.1
2,44,"Teruel",1,2,1,2,1,8588,35.32,1521.1
2,44,"Teruel",2,4,1,1,3,14289.7,0,218.8
2,44,"Teruel",1,3,1,1,3,6903.9,0,525.4
2,44,"Teruel",2,4,1,1,3,12014.3,0,475.8
2,44,"Teruel",1,2,1,2,1,4365.5,29.52,475.8
2,44,"Teruel",2,2,1,2,3,3846.3,0,475.8
2,44,"Teruel",1,4,1,1,3,13633.1,0,475.8
2,44,"Teruel",1,4,1,1,3,37022.4,0,1448.2
2,44,"Teruel",2,4,1,1,3,8843,0,1448.2
2,44,"Teruel",2,4,1,1,3,13081.8,0,1351.5
2,44,"Teruel",1,4,1,1,3,6844.4,0,657.6
2,44,"Teruel",2,3,1,1,3,17887.7,0,657.6
2,44,"Teruel",2,2,1,2,3,14685.5,0,657.6
2,44,"Teruel",1,2,1,2,1,10900.9,30.61,657.6
2,44,"Teruel",1,4,1,1,3,9171.8,0,657.6
2,44,"Teruel",1,3,1,2,1,9240.4,37.13,3128.8
2,44,"Teruel",2,3,1,2,1,33585.6,34.02,3128.8
2,44,"Teruel",1,2,1,2,1,15340.6,35.66,3128.8
2,44,"Teruel",1,1,1,3,1,19284.2,31.33,3128.8
2,44,"Teruel",1,4,1,1,3,17468,0,202.2
2,44,"Teruel",2,3,1,1,1,6459.8,34.72,202.2
2,44,"Teruel",1,2,1,2,1,16898.2,41.44,918.6
2,44,"Teruel",2,2,1,2,1,9358.9,34,918.6
2,44,"Teruel",1,1,1,2,3,6305.8,0,918.6
2,44,"Teruel",1,3,1,1,1,25701.6,28.39,174.6
2,44,"Teruel",1,3,1,2,3,8413.2,0,257.4
2,44,"Teruel",2,2,1,2,1,27892.1,34.94,257.4
2,44,"Teruel",1,1,1,2,1,11427.2,36.88,257.4
2,44,"Teruel",1,3,1,1,1,6582.9,34.72,185.4
2,44,"Teruel",2,3,1,1,1,10432.2,37.93,185.4
2,44,"Teruel",2,4,1,1,3,6055.4,0,1110.6
2,44,"Teruel",2,4,1,1,3,3237.3,0,1110.6
2,44,"Teruel",1,3,1,1,1,25136.9,34.63,926.5
2,44,"Teruel",2,3,1,1,3,5873.5,0,926.5
2,44,"Teruel",1,2,1,2,1,6130.1,33.93,926.5
2,50,"Zaragoza",1,2,1,2,1,17910.4,30.85,1126.9
2,50,"Zaragoza",2,2,1,2,1,11493.8,31.49,1126.9
2,50,"Zaragoza",2,4,1,1,3,4779.1,0,500.6
2,50,"Zaragoza",1,4,1,1,3,3106.7,0,500.6
2,50,"Zaragoza",1,3,1,1,3,8687.4,0,1419.2
2,50,"Zaragoza",2,3,1,1,1,18268.9,32.73,1419.2
2,50,"Zaragoza",1,2,1,2,1,10677,34.68,720
2,50,"Zaragoza",2,2,1,2,1,7835.4,28.04,720
2,50,"Zaragoza",1,2,1,1,1,25028.6,32.04,576.3
2,50,"Zaragoza",2,2,1,1,3,8393.4,0,576.3
2,50,"Zaragoza",2,1,1,1,3,9818,0,576.3
2,50,"Zaragoza",2,2,1,2,1,11630.2,30.64,832.9
2,50,"Zaragoza",1,2,1,2,1,20438,30.33,832.9
2,50,"Zaragoza",1,2,1,2,1,27164.7,32.75,732.5
2,50,"Zaragoza",2,2,1,2,3,17234.9,0,732.5
2,50,"Zaragoza",1,1,1,2,1,15917.6,33.6,732.5
2,50,"Zaragoza",1,1,1,2,3,7197.5,0,732.5
2,50,"Zaragoza",1,3,1,1,3,12681.3,0,272.6
2,50,"Zaragoza",2,3,1,1,3,5913.6,0,272.6
2,50,"Zaragoza",1,2,1,2,1,38706.5,30.08,272.6
2,50,"Zaragoza",2,2,1,2,1,13589.2,36.88,272.6
2,50,"Zaragoza",1,2,1,2,1,16621.3,35.1,272.6
2,50,"Zaragoza",2,1,1,2,1,16777.3,33.85,272.6
2,50,"Zaragoza",1,2,1,2,1,11247.8,34.6,568
2,50,"Zaragoza",2,3,1,2,3,11132.2,0,1136.4
2,50,"Zaragoza",1,3,1,2,2,10382.6,0,1136.4
2,50,"Zaragoza",1,1,1,2,3,9005.3,0,1136.4
2,50,"Zaragoza",1,2,1,2,1,26247.5,34.84,229.4
2,50,"Zaragoza",2,2,1,3,3,17579.2,0,229.4
2,50,"Zaragoza",2,1,1,2,3,7478.8,0,229.4
2,50,"Zaragoza",2,4,2,1,3,3334.9,0,771.8
2,50,"Zaragoza",2,3,2,1,3,12760.5,0,771.8
2,50,"Zaragoza",1,2,2,2,1,23825.5,33.72,1101.7
2,50,"Zaragoza",1,1,1,2,3,16007.2,0,1101.7
2,50,"Zaragoza",1,4,1,1,3,20273.7,0,502.8
2,50,"Zaragoza",2,4,1,1,3,9447.4,0,502.8
2,50,"Zaragoza",2,1,1,2,2,14177.8,0,1137.3
2,50,"Zaragoza",1,2,1,2,1,9794.7,35.27,1137.3
2,50,"Zaragoza",2,2,1,2,3,12050.7,0,1694.8
2,50,"Zaragoza",1,2,1,2,1,11805.5,35.98,1694.8
2,50,"Zaragoza",2,2,1,2,1,16432.3,36.87,230.5
2,50,"Zaragoza",1,2,1,1,1,4430.6,35.4,230.5
2,50,"Zaragoza",1,1,1,2,1,18417.1,37.06,230.5
2,50,"Zaragoza",2,1,1,2,1,19271.6,35.18,230.5
2,50,"Zaragoza",1,1,1,2,1,25620.4,34.08,230.5
2,50,"Zaragoza",1,3,1,2,1,36310.1,35.02,468.6
2,50,"Zaragoza",2,3,1,1,3,12450.7,0,468.6
2,50,"Zaragoza",1,2,1,2,1,8281.7,36.76,665
2,50,"Zaragoza",2,2,1,2,3,12604.3,0,665
2,50,"Zaragoza",1,2,1,2,1,27231,33.06,665
2,50,"Zaragoza",2,2,1,2,1,32415.5,36.11,2453.6
2,50,"Zaragoza",1,2,1,2,1,22514,31.97,2453.6
2,50,"Zaragoza",2,4,1,1,3,4634,0,1313.5
2,50,"Zaragoza",1,2,1,2,1,23182.7,34.4,394.2
2,50,"Zaragoza",1,2,1,2,3,6729.9,0,394.2
2,50,"Zaragoza",2,3,1,2,3,8853.1,0,327.6
2,50,"Zaragoza",1,3,1,2,3,16525.3,0,327.6
2,50,"Zaragoza",1,2,1,2,1,9730.2,36.17,683.5
2,50,"Zaragoza",2,2,1,2,1,5255.4,33.58,683.5
2,50,"Zaragoza",2,4,1,1,3,15759.4,0,1643.1
2,50,"Zaragoza",2,2,1,2,1,12192.9,30.15,491.4
2,50,"Zaragoza",1,2,1,2,1,26963.4,35.87,491.4
2,50,"Zaragoza",1,1,1,2,3,7096.4,0,491.4
2,50,"Zaragoza",1,4,1,1,3,15633.9,0,475.8
2,50,"Zaragoza",2,4,1,1,3,9531.9,0,475.8
2,50,"Zaragoza",2,2,1,2,1,15372.6,30.4,281.9
2,50,"Zaragoza",2,1,1,1,1,5797.4,35.01,281.9
2,50,"Zaragoza",1,3,1,1,1,14355.2,30.99,675.6
2,50,"Zaragoza",2,3,1,1,3,5250.8,0,675.6
2,50,"Zaragoza",2,2,1,2,1,22412.2,34.64,675.6
2,50,"Zaragoza",1,2,1,1,1,9334.2,35.5,808.8
2,50,"Zaragoza",2,2,1,2,1,6407.5,33.49,808.8
2,50,"Zaragoza",1,3,1,1,3,7105,0,1608.5
2,50,"Zaragoza",2,3,1,1,3,6329.7,0,1608.5
2,50,"Zaragoza",2,2,1,3,1,11136.4,33.01,1608.5
2,50,"Zaragoza",2,2,1,3,1,18817.1,32.61,1608.5
2,50,"Zaragoza",1,2,1,3,2,8360.4,0,532.9
2,50,"Zaragoza",2,2,1,3,1,10573.4,35.55,532.9
2,50,"Zaragoza",1,2,1,1,1,8935.9,30.08,687.5
2,50,"Zaragoza",2,2,1,1,1,23729.1,35.76,687.5
2,50,"Zaragoza",1,2,1,3,1,6304.8,35.17,2139.2
2,50,"Zaragoza",2,2,1,3,1,19243,33.89,2139.2
2,50,"Zaragoza",1,2,2,3,1,10014.4,31.66,2056.4
2,50,"Zaragoza",2,2,1,2,1,15380.8,32.27,2056.4
2,50,"Zaragoza",1,2,1,2,1,12936.8,33.62,1289.7
2,50,"Zaragoza",2,2,1,2,1,12766.4,32.02,1289.7
2,50,"Zaragoza",2,4,1,1,3,9813.3,0,621
2,50,"Zaragoza",2,3,1,1,3,21921.8,0,964.4
2,50,"Zaragoza",1,3,1,1,3,13271.1,0,964.4
2,50,"Zaragoza",1,3,1,2,1,17382.3,36.9,1193.8
2,50,"Zaragoza",2,3,1,2,3,18178.4,0,1193.8
2,50,"Zaragoza",1,2,1,3,3,10010.7,0,1193.8
2,50,"Zaragoza",2,2,1,3,3,22714.1,0,1193.8
2,50,"Zaragoza",1,4,1,1,3,21645.2,0,488.8
2,50,"Zaragoza",2,4,1,1,3,7846.2,0,488.8
2,50,"Zaragoza",2,2,1,1,3,10463.6,0,488.8
2,50,"Zaragoza",1,2,1,2,1,5790.2,35.52,609.4
2,50,"Zaragoza",2,2,1,2,1,5675.7,32.46,609.4
2,50,"Zaragoza",1,1,1,2,3,9746.5,0,609.4
2,50,"Zaragoza",1,2,1,2,3,7069.9,0,1103.6
2,50,"Zaragoza",2,4,1,1,3,13006.7,0,1103.6
2,50,"Zaragoza",1,2,1,3,1,19120.2,31.32,410.8
2,50,"Zaragoza",2,2,1,2,1,3086.8,38.54,410.8
2,50,"Zaragoza",2,2,1,3,3,12470.9,0,474
2,50,"Zaragoza",1,2,1,3,1,16444.5,35.79,474
2,50,"Zaragoza",1,2,1,2,1,18580.6,36.84,1985.1
2,50,"Zaragoza",2,4,1,1,3,10725.1,0,1985.1
2,50,"Zaragoza",1,2,1,1,1,14239.4,30.73,404.7
2,50,"Zaragoza",2,2,1,1,1,17346,32.86,404.7
2,50,"Zaragoza",2,2,1,2,1,17547.1,38.86,203.2
2,50,"Zaragoza",1,2,1,2,1,10124.8,32.01,203.2
2,50,"Zaragoza",2,1,1,2,3,12959.9,0,203.2
2,50,"Zaragoza",1,2,1,3,1,17082.1,36.9,341.2
2,50,"Zaragoza",2,2,1,3,1,16061.1,32.3,341.2
2,50,"Zaragoza",1,1,1,2,3,8982.7,0,341.2
2,50,"Zaragoza",1,3,1,1,3,15762.4,0,1046.3
2,50,"Zaragoza",2,3,1,1,3,21086.8,0,1046.3
2,50,"Zaragoza",2,1,1,2,1,7201.1,35.63,1046.3
2,50,"Zaragoza",1,3,1,3,1,15056.6,34.74,895.8
2,50,"Zaragoza",2,2,2,1,3,11090.5,0,895.8
2,50,"Zaragoza",2,1,2,2,3,8801.2,0,895.8
2,50,"Zaragoza",2,1,1,2,3,15756.3,0,895.8
2,50,"Zaragoza",1,4,1,1,3,8485.6,0,262.1
2,50,"Zaragoza",1,2,1,2,1,7672.2,27.73,856.1
2,50,"Zaragoza",2,2,1,2,3,7672,0,856.1
2,50,"Zaragoza",1,3,1,3,1,13073.1,31.61,115.8
2,50,"Zaragoza",2,3,1,3,1,26033.5,34.91,115.8
2,50,"Zaragoza",2,2,1,3,1,19349.2,30.08,545.8
2,50,"Zaragoza",1,2,1,3,1,47406.5,33.19,545.8
2,50,"Zaragoza",2,4,1,2,3,14844.5,0,441.6
2,50,"Zaragoza",1,4,1,2,3,12647.6,0,441.6
2,50,"Zaragoza",1,2,1,2,1,18681.1,32.62,1551.8
2,50,"Zaragoza",2,2,1,2,1,11925.2,34.96,1551.8
2,50,"Zaragoza",1,2,1,2,1,24973.8,32.55,531.6
2,50,"Zaragoza",2,2,1,3,1,16752,30.51,531.6
2,50,"Zaragoza",1,4,1,1,3,13449.2,0,1946.7
2,50,"Zaragoza",2,4,1,1,3,11685.2,0,1946.7
2,50,"Zaragoza",1,3,1,1,3,4042.4,0,1946.7
2,50,"Zaragoza",1,3,1,2,3,30687.3,0,804.9
2,50,"Zaragoza",2,4,1,1,3,5789.8,0,804.9
2,50,"Zaragoza",1,3,1,1,1,23453.9,36.42,1156.3
2,50,"Zaragoza",2,2,1,2,1,5641.4,33.64,1156.3
2,50,"Zaragoza",1,1,1,2,1,19071.6,36.13,1156.3
2,50,"Zaragoza",1,2,1,3,1,16825.1,33.94,622.4
2,50,"Zaragoza",2,2,1,3,1,24054.8,32.11,622.4
2,50,"Zaragoza",1,3,1,2,1,17848.1,34.49,978.8
2,50,"Zaragoza",2,3,1,2,3,13400.5,0,978.8
2,50,"Zaragoza",2,1,1,2,1,9494.8,37.87,978.8
2,50,"Zaragoza",2,1,1,2,1,15118.7,31.88,978.8
2,50,"Zaragoza",1,3,1,1,1,21085.4,34.06,992.2
2,50,"Zaragoza",2,2,1,2,1,6763.9,36.14,992.2
2,50,"Zaragoza",2,1,1,2,2,16165.8,0,992.2
2,50,"Zaragoza",1,1,1,2,1,33915.6,28.38,992.2
2,50,"Zaragoza",1,4,1,2,3,11523,0,1253.7
2,50,"Zaragoza",2,3,1,2,3,13562.4,0,1253.7
2,50,"Zaragoza",1,4,2,1,3,9259.2,0,1431.5
2,50,"Zaragoza",2,4,1,1,3,14063.4,0,1431.5
2,50,"Zaragoza",1,3,1,1,1,24492.1,29.45,1045
2,50,"Zaragoza",2,3,1,1,3,7291.1,0,1045
2,50,"Zaragoza",1,2,1,2,1,31330.9,31.81,1045
2,50,"Zaragoza",1,2,1,2,1,17439.8,32.95,756.9
2,50,"Zaragoza",2,2,1,2,2,19594.3,0,756.9
2,50,"Zaragoza",2,3,1,2,1,12439.6,34.71,80.3
2,50,"Zaragoza",1,2,1,3,1,28707.9,35.36,465.5
2,50,"Zaragoza",2,2,1,2,1,19160.4,35.64,465.5
2,50,"Zaragoza",1,1,2,2,3,17163.4,0,465.5
2,50,"Zaragoza",2,3,1,1,3,12589.5,0,329.1
2,50,"Zaragoza",1,3,1,1,3,8287.7,0,329.1
2,50,"Zaragoza",2,2,1,2,1,17036.8,35.57,329.1
2,50,"Zaragoza",1,2,1,2,1,18980.2,39.58,2669.9
2,50,"Zaragoza",2,2,1,2,1,14421.2,33.88,2669.9
2,50,"Zaragoza",2,3,1,3,3,12178.9,0,898.1
2,50,"Zaragoza",1,2,1,2,1,45761.4,33.87,898.1
2,50,"Zaragoza",1,2,1,2,3,13664,0,898.1
2,50,"Zaragoza",2,1,1,2,1,11927.2,29.91,898.1
2,50,"Zaragoza",1,2,1,2,1,6400.7,35.61,893.7
2,50,"Zaragoza",2,2,1,2,1,18087.9,28.27,893.7
2,50,"Zaragoza",1,2,1,2,1,5512.5,37.5,1418.7
2,50,"Zaragoza",2,2,1,2,3,20584.8,0,1418.7
2,50,"Zaragoza",2,4,1,3,3,26289.4,0,2055.3
2,50,"Zaragoza",1,2,1,2,1,10207.2,33.14,251.7
2,50,"Zaragoza",2,2,1,2,3,17885.6,0,251.7
2,50,"Zaragoza",1,4,1,1,3,6614.7,0,500.6
2,50,"Zaragoza",2,4,1,1,3,9949.7,0,500.6
2,50,"Zaragoza",2,3,1,1,3,8953.6,0,1887.8
2,50,"Zaragoza",2,2,1,2,1,7969.6,31.28,1887.8
2,50,"Zaragoza",1,1,1,2,3,18540.6,0,1887.8
2,50,"Zaragoza",1,2,1,2,1,14771.2,35.39,503.4
2,50,"Zaragoza",2,2,1,1,2,1272.4,0,503.4
2,50,"Zaragoza",2,1,1,2,3,37474.7,0,503.4
2,50,"Zaragoza",1,1,1,1,3,7793,0,503.4
2,50,"Zaragoza",1,4,1,1,3,6746,0,201.5
2,50,"Zaragoza",2,2,1,3,1,20241.7,33.14,472.5
2,50,"Zaragoza",2,2,1,2,1,8090.8,33.27,564.8
2,50,"Zaragoza",1,2,1,2,1,16322.5,26.98,564.8
2,50,"Zaragoza",1,3,1,2,1,25319.5,31.95,115.5
2,50,"Zaragoza",2,3,1,2,1,11506.1,31.57,115.5
2,50,"Zaragoza",2,2,1,2,1,11844.7,39.11,115.5
2,50,"Zaragoza",2,1,1,2,1,8103.1,36.76,115.5
2,50,"Zaragoza",2,4,1,1,3,12775.9,0,115.5
2,50,"Zaragoza",1,4,1,1,3,10698.9,0,115.5
2,50,"Zaragoza",2,4,1,1,3,12974.5,0,115.5
2,50,"Zaragoza",1,3,1,2,3,5007.6,0,175.9
2,50,"Zaragoza",2,3,1,2,3,10495.6,0,175.9
2,50,"Zaragoza",2,4,1,1,3,8730.4,0,175.9
2,50,"Zaragoza",1,1,1,3,1,21818,26.74,175.9
2,50,"Zaragoza",2,1,1,3,1,24842.4,32.69,175.9
2,50,"Zaragoza",1,3,1,1,1,16375.3,29.95,528.1
2,50,"Zaragoza",2,2,1,1,3,14828.7,0,528.1
2,50,"Zaragoza",2,1,1,2,1,19158.7,32.85,528.1
2,50,"Zaragoza",2,1,1,3,1,12834.9,34.51,528.1
2,50,"Zaragoza",1,3,1,1,3,6155.3,0,1173.1
2,50,"Zaragoza",2,3,1,1,1,8301.9,32.13,1173.1
2,50,"Zaragoza",1,3,1,2,1,17973,32.99,1389.5
2,50,"Zaragoza",2,3,1,2,3,7997.1,0,1389.5
2,50,"Zaragoza",1,1,1,2,2,26066.9,0,1389.5
2,50,"Zaragoza",1,2,1,2,1,9261.4,36,937
2,50,"Zaragoza",2,2,1,2,1,35806.1,36.45,937
2,50,"Zaragoza",1,3,1,2,1,7675.9,32.51,1204.6
2,50,"Zaragoza",2,3,1,2,3,21276.7,0,1204.6
2,50,"Zaragoza",1,2,1,2,1,24005.1,34.48,1204.6
2,50,"Zaragoza",1,2,1,2,1,16232.1,33.16,340
2,50,"Zaragoza",1,1,1,2,3,12752,0,340
2,50,"Zaragoza",1,1,1,2,3,15624.9,0,340
2,50,"Zaragoza",1,4,1,1,3,7417.7,0,1335.4
2,50,"Zaragoza",2,4,1,1,3,12118.6,0,1335.4
2,50,"Zaragoza",1,2,1,2,1,15794,36.8,1183.7
2,50,"Zaragoza",2,2,1,1,1,5775,30.83,1183.7
2,50,"Zaragoza",1,2,1,2,1,10294.5,34.55,2163
2,50,"Zaragoza",2,2,1,2,1,15694.7,32.07,2163
2,50,"Zaragoza",1,2,1,2,1,42086,33.46,89
2,50,"Zaragoza",2,2,1,2,1,7615.6,33.59,89
2,50,"Zaragoza",1,3,1,2,1,11481.8,32.63,416.2
2,50,"Zaragoza",2,3,1,1,3,1719.4,0,416.2
2,50,"Zaragoza",1,2,1,2,1,6767.9,29.04,355.6
2,50,"Zaragoza",2,2,1,2,1,22716.1,36.29,355.6
2,50,"Zaragoza",1,1,1,3,3,14495.4,0,355.6
2,50,"Zaragoza",1,3,1,3,3,28673.6,0,240
2,50,"Zaragoza",2,3,1,2,1,27249.5,30.84,240
2,50,"Zaragoza",2,2,1,3,3,38725.4,0,240
2,50,"Zaragoza",1,2,1,2,1,18538.1,29.63,240
2,50,"Zaragoza",1,3,1,2,1,32123.6,33.34,1943.7
2,50,"Zaragoza",2,2,1,2,1,6716.5,25.65,1943.7
2,50,"Zaragoza",2,1,1,2,3,12516.8,0,1943.7
2,50,"Zaragoza",1,3,1,1,3,7931.9,0,1013.1
2,50,"Zaragoza",2,3,1,1,3,31211.8,0,1013.1
2,50,"Zaragoza",1,4,1,1,3,8248,0,1013.1
2,50,"Zaragoza",1,4,1,1,3,11352.3,0,1361.6
2,50,"Zaragoza",1,2,1,2,1,28554.7,33.07,632.9
2,50,"Zaragoza",2,2,1,2,3,25281,0,632.9
2,50,"Zaragoza",2,1,1,2,1,17411.1,34.69,632.9
2,50,"Zaragoza",1,3,1,2,3,20513.7,0,399.4
2,50,"Zaragoza",2,3,1,1,3,16597.3,0,399.4
2,50,"Zaragoza",2,1,1,2,3,3244.6,0,399.4
2,50,"Zaragoza",2,4,1,3,3,12065.6,0,621
2,50,"Zaragoza",2,2,1,2,1,10612.8,29.73,1068.7
2,50,"Zaragoza",1,2,1,2,1,8926.6,35.44,1068.7
2,50,"Zaragoza",1,2,1,2,1,21295.8,34.86,566.8
2,50,"Zaragoza",2,2,1,3,1,22959,34.79,566.8
2,50,"Zaragoza",1,1,1,2,3,9753.4,0,566.8
2,50,"Zaragoza",1,2,1,1,1,5935.9,31.78,796.9
2,50,"Zaragoza",2,2,1,1,1,12007.3,32.46,796.9
2,50,"Zaragoza",1,1,2,1,3,-47.5,0,796.9
2,50,"Zaragoza",1,4,1,2,3,5845.7,0,1431.5
2,50,"Zaragoza",2,4,1,1,3,23265.2,0,1431.5
2,50,"Zaragoza",2,4,1,1,3,17400.5,0,755.4
2,50,"Zaragoza",2,2,1,2,1,14925.6,32.84,620.8
2,50,"Zaragoza",1,4,1,1,3,12440.7,0,676.1
2,50,"Zaragoza",2,4,1,1,3,12665.7,0,676.1
2,50,"Zaragoza",1,4,1,1,3,13764.8,0,676.1
2,50,"Zaragoza",1,2,1,3,1,18198.2,33.6,730.1
2,50,"Zaragoza",2,2,1,3,1,21161.9,25.82,730.1
2,50,"Zaragoza",2,1,1,2,3,10974.3,0,730.1
2,50,"Zaragoza",2,1,1,2,3,17216.2,0,730.1
2,50,"Zaragoza",2,3,1,2,1,5153.3,35.18,174.4
2,50,"Zaragoza",1,3,1,1,3,16388.5,0,174.4
2,50,"Zaragoza",1,2,1,2,1,26592.8,35.07,701.9
2,50,"Zaragoza",2,2,1,2,3,8313.5,0,701.9
2,50,"Zaragoza",1,2,1,2,1,11014.6,33.8,742.8
2,50,"Zaragoza",2,2,1,2,3,12513.1,0,742.8
2,50,"Zaragoza",1,4,1,1,3,23947.9,0,1363.5
2,50,"Zaragoza",2,4,1,1,3,19630,0,1363.5
2,50,"Zaragoza",1,4,1,2,3,18431.6,0,1363.5
2,50,"Zaragoza",2,2,1,3,1,48116.4,34.93,607.7
2,50,"Zaragoza",1,2,2,2,1,13115.8,39.98,607.7
2,50,"Zaragoza",1,2,1,3,1,18476.4,34.9,702.9
2,50,"Zaragoza",2,2,1,3,1,16860.3,30.66,702.9
2,50,"Zaragoza",1,4,1,1,3,13243.9,0,698.5
2,50,"Zaragoza",2,3,1,1,3,28532.9,0,698.5
2,50,"Zaragoza",2,4,1,1,3,14128.6,0,813.9
2,50,"Zaragoza",1,3,1,2,3,6688.3,0,1265.6
2,50,"Zaragoza",2,3,1,2,3,6055.1,0,1265.6
2,50,"Zaragoza",1,2,1,2,1,23320.9,34.13,1265.6
2,50,"Zaragoza",2,2,1,2,1,13330.6,36.2,1265.6
2,50,"Zaragoza",1,3,1,1,3,4164,0,466.8
2,50,"Zaragoza",2,3,1,1,1,6697,36.55,466.8
2,50,"Zaragoza",1,2,1,2,1,8219.5,33.4,426
2,50,"Zaragoza",2,2,1,2,2,13698.9,0,426
2,50,"Zaragoza",1,1,1,2,1,20247.4,33.29,426
2,50,"Zaragoza",1,4,1,1,3,22194.4,0,500.6
2,50,"Zaragoza",2,4,1,1,3,7135.8,0,500.6
2,50,"Zaragoza",1,4,1,1,3,6114.6,0,570
2,50,"Zaragoza",2,4,1,1,3,11383.1,0,570
2,50,"Zaragoza",1,3,1,1,1,35845.7,35.32,303.5
2,50,"Zaragoza",1,2,1,2,1,6299.8,33.98,148.4
2,50,"Zaragoza",2,2,1,3,1,28034.3,35.01,148.4
2,50,"Zaragoza",1,1,1,2,1,19578.6,28.35,148.4
2,50,"Zaragoza",2,4,1,1,3,15755.1,0,588.6
2,50,"Zaragoza",1,4,1,1,3,2326.5,0,588.6
2,50,"Zaragoza",1,2,1,2,1,12326.1,36.49,5597.6
2,50,"Zaragoza",1,2,1,1,1,19653.8,32.87,808
2,50,"Zaragoza",2,2,1,3,3,23408.9,0,808
2,50,"Zaragoza",2,4,1,1,3,12791,0,441.6
2,50,"Zaragoza",1,4,1,1,3,4104,0,441.6
2,50,"Zaragoza",1,3,1,1,3,10109.3,0,1366.5
2,50,"Zaragoza",2,3,1,1,3,11805.6,0,1366.5
2,50,"Zaragoza",2,2,1,3,1,9022.9,32.97,1366.5
2,50,"Zaragoza",2,4,1,1,3,6180.2,0,475.8
2,50,"Zaragoza",1,4,1,1,3,11208.1,0,475.8
2,50,"Zaragoza",1,4,1,1,3,7062.6,0,301.6
2,50,"Zaragoza",1,4,1,2,3,4630.3,0,731.4
2,50,"Zaragoza",2,4,1,1,3,4896,0,731.4
2,50,"Zaragoza",1,3,1,1,1,22456.9,34.81,470.5
2,50,"Zaragoza",2,3,1,1,3,14670.6,0,470.5
2,50,"Zaragoza",2,1,1,2,3,12508.8,0,470.5
2,50,"Zaragoza",2,2,1,2,3,22564.6,0,234.5
2,50,"Zaragoza",1,2,1,2,1,38501.1,38.92,234.5
2,50,"Zaragoza",1,1,1,2,3,16840.8,0,234.5
2,50,"Zaragoza",2,4,1,1,3,10331.1,0,234.5
2,50,"Zaragoza",2,2,1,2,1,14953.3,31.53,447.4
2,50,"Zaragoza",1,2,1,2,1,11085.6,32.84,447.4
2,50,"Zaragoza",2,1,1,2,1,10475.1,29.55,447.4
2,50,"Zaragoza",1,2,1,2,1,30557.7,31.03,683.5
2,50,"Zaragoza",1,2,1,2,1,11585.8,34.64,3547.6
2,50,"Zaragoza",1,2,1,2,1,10712,36.9,504
2,50,"Zaragoza",2,2,1,2,2,11625.6,0,504
2,50,"Zaragoza",1,2,1,2,1,11366.6,33.46,1293.4
2,50,"Zaragoza",2,2,1,2,3,2815.9,0,1293.4
2,50,"Zaragoza",2,1,2,2,3,11244.6,0,1293.4
2,50,"Zaragoza",1,2,1,3,1,12879.9,37.16,1841
2,50,"Zaragoza",2,2,1,2,1,19474.2,35.76,1841
2,50,"Zaragoza",1,4,1,1,3,11668.6,0,500.6
2,50,"Zaragoza",2,4,1,1,3,18158.1,0,500.6
2,50,"Zaragoza",2,4,1,1,3,8943.9,0,1188.4
2,50,"Zaragoza",1,3,1,2,1,14791.4,41.13,459.2
2,50,"Zaragoza",2,2,1,1,1,9817.1,39.38,459.2
2,50,"Zaragoza",2,1,1,2,3,2609.9,0,459.2
2,50,"Zaragoza",1,2,1,1,1,1262.6,36.02,625.7
2,50,"Zaragoza",2,2,1,3,1,22686.1,32.12,625.7
2,50,"Zaragoza",1,2,1,2,1,13033.8,36.16,1456.9
2,50,"Zaragoza",2,2,1,2,3,19086.2,0,1456.9
2,50,"Zaragoza",1,2,1,2,2,9826.9,0,1456.9
2,50,"Zaragoza",1,2,1,3,1,23297,40,847.5
2,50,"Zaragoza",2,2,1,3,1,19216.2,32.55,847.5
2,50,"Zaragoza",1,3,1,3,1,28354.5,35.6,483.8
2,50,"Zaragoza",2,2,1,3,1,5175.3,37.8,483.8
2,50,"Zaragoza",2,2,1,2,3,18953.6,0,774.8
2,50,"Zaragoza",1,2,1,2,1,25225.7,32.72,774.8
2,50,"Zaragoza",1,4,1,1,3,17507.6,0,527.9
2,50,"Zaragoza",1,4,1,1,3,9730.8,0,967.3
2,50,"Zaragoza",2,4,1,1,3,7615.1,0,967.3
2,50,"Zaragoza",1,2,1,1,1,5379.2,37.31,967.3
2,50,"Zaragoza",1,2,1,2,1,5443,34.84,1183.7
2,50,"Zaragoza",2,2,1,2,3,3333.5,0,1183.7
2,50,"Zaragoza",1,3,1,1,1,22776.4,35.63,615.4
2,50,"Zaragoza",2,3,1,1,3,5456.3,0,615.4
2,50,"Zaragoza",1,2,1,2,1,22933.3,32.44,1078.2
2,50,"Zaragoza",2,2,1,2,1,14295,36.42,1078.2
2,50,"Zaragoza",1,3,1,2,1,22468.2,35.53,565.7
2,50,"Zaragoza",2,3,2,2,1,40861.6,34.47,565.7
2,50,"Zaragoza",2,1,2,2,3,17979.9,0,565.7
2,50,"Zaragoza",2,1,2,2,3,15716.6,0,565.7
2,50,"Zaragoza",1,3,1,3,1,13899.8,31.16,285.1
2,50,"Zaragoza",2,3,1,2,3,20986.5,0,285.1
2,50,"Zaragoza",1,1,1,2,3,21407.8,0,285.1
2,50,"Zaragoza",1,4,1,1,3,12077.1,0,704.8
2,50,"Zaragoza",2,3,1,1,3,10158.2,0,704.8
2,50,"Zaragoza",2,2,1,2,1,2142.4,37.15,704.8
2,50,"Zaragoza",1,4,1,1,3,9805,0,704.8
2,50,"Zaragoza",1,2,2,3,1,27173.2,32.35,110.4
2,50,"Zaragoza",2,2,1,3,1,17639.7,31.47,110.4
2,50,"Zaragoza",2,2,2,2,3,22888.1,0,699.3
2,50,"Zaragoza",1,2,1,2,1,11065.9,32.45,699.3
2,50,"Zaragoza",1,4,1,1,3,5551,0,475.8
2,50,"Zaragoza",2,4,1,3,3,11740.8,0,475.8
2,50,"Zaragoza",2,2,1,1,3,8082.5,0,790.7
2,50,"Zaragoza",1,2,1,1,1,9804,33.29,790.7
2,50,"Zaragoza",2,1,1,2,3,5713.6,0,790.7
2,50,"Zaragoza",1,2,1,2,1,19477.3,35.94,438.7
2,50,"Zaragoza",2,2,1,2,3,10202.9,0,438.7
2,50,"Zaragoza",1,2,1,2,1,10303.8,37.06,688.9
2,50,"Zaragoza",2,2,2,2,3,9666.5,0,688.9
2,50,"Zaragoza",1,3,1,2,1,13881,30.43,282.6
2,50,"Zaragoza",2,3,1,2,1,17767.3,36.64,282.6
2,50,"Zaragoza",1,2,1,2,1,14431.6,33.1,958.9
2,50,"Zaragoza",2,2,1,3,1,10662.5,29.8,958.9
2,50,"Zaragoza",1,2,1,1,1,10149.5,32.42,892.3
2,50,"Zaragoza",2,2,2,1,3,15395.8,0,892.3
2,50,"Zaragoza",2,1,2,2,1,23845.9,36.04,892.3
2,50,"Zaragoza",1,2,1,2,1,12748.9,35.63,324.8
2,50,"Zaragoza",1,2,1,2,1,11230.3,39.63,420.1
2,50,"Zaragoza",2,2,1,2,3,7795.7,0,420.1
2,50,"Zaragoza",2,1,1,3,1,44352.7,37.87,420.1
2,50,"Zaragoza",2,1,1,2,1,8198.4,35.77,420.1
2,50,"Zaragoza",1,2,1,2,1,14974,29.57,814.5
2,50,"Zaragoza",2,2,1,3,1,42652.5,32.65,814.5
2,50,"Zaragoza",1,2,1,3,1,19268.7,35.01,1841
2,50,"Zaragoza",2,2,1,3,1,22155.6,28.52,1841
2,50,"Zaragoza",1,2,1,2,1,14290.5,30.5,259.5
2,50,"Zaragoza",2,2,1,2,1,9755,33.82,259.5
2,50,"Zaragoza",1,1,1,2,3,12916.6,0,259.5
2,50,"Zaragoza",1,4,1,3,3,28629.2,0,343.1
2,50,"Zaragoza",1,3,1,2,3,35206,0,596.2
2,50,"Zaragoza",2,4,1,2,3,2469.2,0,596.2
2,50,"Zaragoza",1,2,1,2,1,19138.1,33.03,498.9
2,50,"Zaragoza",2,2,1,2,3,19993,0,498.9
2,50,"Zaragoza",1,4,1,1,3,6373,0,568.2
2,50,"Zaragoza",2,3,1,1,3,9366.2,0,568.2
2,50,"Zaragoza",1,2,1,2,1,11458.7,34.28,568.2
2,50,"Zaragoza",1,1,1,2,3,11559,0,568.2
2,50,"Zaragoza",1,2,1,2,1,28237.2,34.15,688.9
2,50,"Zaragoza",2,2,1,2,1,18668.4,29.12,688.9
2,50,"Zaragoza",2,2,1,2,3,15896.1,0,1066.3
2,50,"Zaragoza",1,2,1,2,1,20555.5,37.02,1066.3
2,50,"Zaragoza",2,3,1,1,3,19987.6,0,328
2,50,"Zaragoza",2,2,1,3,1,14152.6,34.6,741.5
2,50,"Zaragoza",1,3,1,1,1,15412.1,27.63,328
2,50,"Zaragoza",1,3,1,1,3,3829.5,0,536.6
2,50,"Zaragoza",2,4,1,1,3,1197.8,0,536.6
2,50,"Zaragoza",2,4,1,1,3,5369.5,0,1268.5
2,50,"Zaragoza",1,4,1,1,3,16245.5,0,1268.5
2,50,"Zaragoza",2,4,1,1,3,22748.3,0,1268.5
2,50,"Zaragoza",1,4,1,1,3,5526.9,0,570
2,50,"Zaragoza",2,4,1,1,3,8205.7,0,570
2,50,"Zaragoza",2,4,1,3,3,16942.6,0,911.9
2,50,"Zaragoza",1,4,1,2,3,10263.9,0,911.9
2,50,"Zaragoza",1,2,1,2,3,2527.4,0,1044.5
2,50,"Zaragoza",2,3,1,1,3,12146.1,0,1044.5
2,50,"Zaragoza",2,1,1,3,1,22368.5,31.58,1044.5
2,50,"Zaragoza",2,4,1,1,3,9277.2,0,1044.5
2,50,"Zaragoza",2,3,1,2,3,13149.7,0,757.8
2,50,"Zaragoza",1,3,1,2,1,20909.2,37.42,757.8
2,50,"Zaragoza",1,3,2,1,3,18316.2,0,1334.9
2,50,"Zaragoza",2,3,1,1,3,6209.7,0,1334.9
2,50,"Zaragoza",1,1,1,2,3,13330.9,0,1334.9
2,50,"Zaragoza",1,2,1,1,3,15141.8,0,1334.9
2,50,"Zaragoza",2,4,1,1,3,10030.7,0,813.9
2,50,"Zaragoza",1,3,1,2,3,22274.8,0,508.8
2,50,"Zaragoza",2,3,1,2,3,8931.7,0,508.8
2,50,"Zaragoza",1,4,1,1,3,8696.6,0,819.8
2,50,"Zaragoza",2,4,1,1,3,2886.3,0,819.8
2,50,"Zaragoza",2,2,1,3,1,19194.6,32.27,819.8
2,50,"Zaragoza",2,2,1,3,1,20762.4,34.37,618.8
2,50,"Zaragoza",2,4,1,1,3,13445.6,0,618.8
2,50,"Zaragoza",1,3,1,2,3,17864.7,0,863.1
2,50,"Zaragoza",2,3,1,2,3,15349.9,0,863.1
2,50,"Zaragoza",1,2,1,2,1,6830.1,35.38,863.1
2,50,"Zaragoza",1,2,1,2,1,18015.2,33.02,863.1
2,50,"Zaragoza",2,2,1,1,3,12672.2,0,926.6
2,50,"Zaragoza",1,1,1,1,1,13866.1,35.64,926.6
2,50,"Zaragoza",1,1,1,1,1,6154,34.15,926.6
2,50,"Zaragoza",2,4,1,1,3,10370.3,0,926.6
2,50,"Zaragoza",1,4,1,1,3,15612.5,0,1579.1
2,50,"Zaragoza",2,3,1,2,3,12427.7,0,1579.1
2,50,"Zaragoza",1,2,1,2,1,17821.3,33.77,504.9
2,50,"Zaragoza",2,2,1,2,3,5567.5,0,504.9
2,50,"Zaragoza",1,3,1,3,1,35607.4,32.55,579.2
2,50,"Zaragoza",2,3,1,3,1,34282.8,30.65,579.2
2,50,"Zaragoza",1,1,1,2,3,12842.5,0,579.2
2,50,"Zaragoza",1,3,1,2,1,35091.6,34.24,382.2
2,50,"Zaragoza",2,2,1,2,1,32965.9,32.68,382.2
2,50,"Zaragoza",1,1,1,2,1,16622.9,33.62,382.2
2,50,"Zaragoza",1,2,1,1,1,10035,36.29,683.5
2,50,"Zaragoza",2,2,1,1,1,20217.4,33.15,683.5
2,50,"Zaragoza",1,2,1,3,1,11460.3,33.8,622.4
2,50,"Zaragoza",2,2,1,3,1,10232.6,35.33,622.4
2,50,"Zaragoza",1,4,1,1,3,10338.3,0,2488.4
2,50,"Zaragoza",2,3,1,2,3,11240.8,0,2488.4
2,50,"Zaragoza",1,4,2,1,3,33220.1,0,674.5
2,50,"Zaragoza",2,4,1,1,3,10947.9,0,674.5
2,50,"Zaragoza",1,4,2,1,3,15244.4,0,674.5
2,50,"Zaragoza",2,4,2,1,3,10272.7,0,1448.2
2,50,"Zaragoza",1,2,2,3,1,24151.6,32.98,649
2,50,"Zaragoza",2,2,1,3,1,16706.7,32.57,649
2,50,"Zaragoza",1,1,1,2,3,21937.6,0,649
2,50,"Zaragoza",1,2,1,2,1,11112.2,34.74,571
2,50,"Zaragoza",2,4,1,1,3,10539,0,1235.8
2,50,"Zaragoza",2,3,1,2,3,33340.2,0,1235.8
2,50,"Zaragoza",2,4,1,1,3,13481.3,0,1748.9
2,50,"Zaragoza",1,4,1,1,3,13174.6,0,1748.9
2,50,"Zaragoza",1,2,1,1,1,8222,31.14,1748.9
2,50,"Zaragoza",1,2,1,1,1,10496.6,38.02,1748.9
2,50,"Zaragoza",2,2,1,2,1,5767.4,33.07,2791.9
2,50,"Zaragoza",1,2,1,2,1,10867.2,33.92,2791.9
2,50,"Zaragoza",1,4,1,2,3,20536.7,0,635.7
2,50,"Zaragoza",2,3,1,1,3,13856.7,0,635.7
2,50,"Zaragoza",1,2,1,2,1,8500.8,36.47,877.5
2,50,"Zaragoza",2,2,1,2,1,11450.5,30.13,877.5
2,50,"Zaragoza",1,2,1,2,1,11232.5,38.19,684.8
2,50,"Zaragoza",2,2,1,2,1,31700.4,30.87,684.8
2,50,"Zaragoza",1,2,1,2,1,13415.3,30.75,482.5
2,50,"Zaragoza",2,2,1,2,3,6155.4,0,482.5
2,50,"Zaragoza",1,2,1,2,1,17241.8,28.18,533.4
2,50,"Zaragoza",2,2,1,2,3,17394.9,0,533.4
2,50,"Zaragoza",1,2,1,3,1,8369.3,39.53,852.3
2,50,"Zaragoza",2,2,1,3,1,19622.8,40.1,852.3
2,50,"Zaragoza",2,2,1,2,3,13248.8,0,1031.1
2,50,"Zaragoza",1,2,1,2,1,34460.4,32.85,1031.1
2,50,"Zaragoza",1,4,1,1,3,8451.9,0,676.5
2,50,"Zaragoza",2,4,1,1,3,10578.5,0,676.5
2,50,"Zaragoza",1,4,1,1,3,10645.3,0,502.5
2,50,"Zaragoza",2,4,1,1,3,18004.3,0,502.5
2,50,"Zaragoza",2,2,1,3,1,11188.2,36.47,1031.1
2,50,"Zaragoza",1,3,1,3,3,12939.5,0,283
2,50,"Zaragoza",2,3,1,2,3,9198.5,0,283
2,50,"Zaragoza",1,3,1,3,1,14904.2,35.58,535.4
2,50,"Zaragoza",2,3,1,2,3,18396.5,0,535.4
2,50,"Zaragoza",2,1,1,3,1,32630.2,35.41,535.4
2,50,"Zaragoza",2,1,1,2,3,8485.9,0,535.4
2,50,"Zaragoza",1,4,1,3,3,20049.3,0,196.6
2,50,"Zaragoza",1,4,1,2,3,9784.9,0,928.1
2,50,"Zaragoza",2,4,1,1,3,10965.4,0,928.1
2,50,"Zaragoza",1,3,2,2,3,22387,0,2042.1
2,50,"Zaragoza",2,2,1,2,1,16423.6,34.31,2042.1
2,50,"Zaragoza",2,2,1,3,1,33412.5,33.68,2042.1
2,50,"Zaragoza",1,2,1,3,1,48709.9,39.92,2042.1
2,50,"Zaragoza",2,2,1,2,1,17694.1,32.09,3455
2,50,"Zaragoza",1,2,1,3,1,14292.9,34.04,3455
2,50,"Zaragoza",1,4,1,3,3,20125.3,0,370.9
2,50,"Zaragoza",2,3,1,3,1,27010.5,32.44,319.6
2,50,"Zaragoza",1,4,1,3,3,23454.6,0,319.6
2,50,"Zaragoza",1,4,1,1,3,14066.7,0,1023
2,50,"Zaragoza",2,3,1,1,3,5686.5,0,1023
2,50,"Zaragoza",1,2,1,1,1,13711.9,35.43,1023
2,50,"Zaragoza",2,4,1,2,3,10470.1,0,1206
2,50,"Zaragoza",1,2,1,2,1,7235.5,33.47,874
2,50,"Zaragoza",2,2,1,2,1,9531.3,27.23,874
2,50,"Zaragoza",1,4,1,1,3,4801.9,0,874
2,50,"Zaragoza",1,3,1,3,3,32536.3,0,309.3
2,50,"Zaragoza",1,3,1,3,1,34361.2,33.87,942.7
2,50,"Zaragoza",2,3,1,2,1,17715.7,28.69,942.7
2,50,"Zaragoza",2,1,1,3,3,20574.9,0,942.7
2,50,"Zaragoza",1,1,1,2,3,23015.6,0,942.7
2,50,"Zaragoza",1,3,1,2,2,6961.8,0,244.1
2,50,"Zaragoza",2,4,1,2,3,5684.8,0,244.1
2,50,"Zaragoza",1,2,2,2,1,5975.9,31.13,664
2,50,"Zaragoza",2,2,2,3,1,44546,31.83,664
2,50,"Zaragoza",2,2,1,3,1,23288.1,35.19,419
2,50,"Zaragoza",1,2,1,3,1,14161,30.66,419
2,50,"Zaragoza",2,4,1,1,3,11334.5,0,419.5
2,50,"Zaragoza",1,4,1,1,3,7040.2,0,419.5
2,50,"Zaragoza",1,3,1,2,1,13608.1,35.1,299.9
2,50,"Zaragoza",2,3,1,2,1,27795.3,32.66,299.9
2,50,"Zaragoza",2,1,1,3,2,6770.9,0,299.9
2,50,"Zaragoza",1,2,1,2,1,10471.6,34.28,1489.2
2,50,"Zaragoza",1,4,1,1,3,12562.5,0,1489.2
2,50,"Zaragoza",1,2,1,2,1,20207,40.93,434.6
2,50,"Zaragoza",2,2,1,3,1,19466.6,36.49,434.6
2,50,"Zaragoza",1,3,1,3,3,29846.3,0,423.1
2,50,"Zaragoza",2,2,1,3,1,20956.3,34.91,86
2,50,"Zaragoza",1,2,1,2,1,10999.1,35.51,86
2,50,"Zaragoza",1,4,1,1,3,17107.3,0,2168.2
2,50,"Zaragoza",1,2,1,2,3,7298.1,0,2168.2
2,50,"Zaragoza",1,3,1,3,1,9749.1,33.91,1404.7
2,50,"Zaragoza",2,3,1,3,1,18669.3,32.39,1404.7
2,50,"Zaragoza",1,1,1,2,3,13218.7,0,1404.7
2,50,"Zaragoza",2,1,1,2,3,13718.7,0,1404.7
2,50,"Zaragoza",1,2,1,3,1,30181.4,29.76,671.8
2,50,"Zaragoza",2,2,1,3,1,16653.1,38.95,671.8
2,50,"Zaragoza",2,4,1,1,3,10244,0,568.1
2,50,"Zaragoza",1,3,1,3,3,48352,0,3221.9
2,50,"Zaragoza",2,3,1,3,3,8637.5,0,3221.9
2,50,"Zaragoza",1,2,1,2,1,12015.7,34.3,3221.9
2,50,"Zaragoza",1,2,1,2,3,11102,0,3221.9
2,50,"Zaragoza",2,3,1,3,1,21384.8,36.25,620.3
2,50,"Zaragoza",2,4,1,1,3,6973.3,0,620.3
2,50,"Zaragoza",1,3,1,2,1,16922.7,35.43,83.8
2,50,"Zaragoza",2,2,1,2,1,8478,36.2,83.8
2,50,"Zaragoza",2,1,1,2,3,14178.3,0,83.8
2,50,"Zaragoza",2,1,1,1,3,12130.7,0,83.8
2,50,"Zaragoza",1,4,1,1,3,23474.3,0,1408.2
2,50,"Zaragoza",2,4,1,1,3,11115.9,0,1408.2
2,50,"Zaragoza",1,2,1,3,1,23026.8,34.71,970.2
2,50,"Zaragoza",2,4,1,2,3,11535.8,0,970.2
2,50,"Zaragoza",2,2,1,2,2,11583.3,0,892.7
2,50,"Zaragoza",1,2,1,3,1,20044.5,32.93,892.7
2,50,"Zaragoza",2,1,1,2,3,11672.1,0,892.7
2,50,"Zaragoza",1,3,1,2,1,17039.4,33.88,1533.2
2,50,"Zaragoza",2,3,1,2,3,20423.8,0,1533.2
2,50,"Zaragoza",2,2,1,3,1,24962,38.6,1533.2
2,50,"Zaragoza",1,3,1,2,1,5981.4,31.48,764
2,50,"Zaragoza",2,3,1,2,3,6720.1,0,764
2,50,"Zaragoza",2,4,1,1,3,11029.1,0,1183.2
2,50,"Zaragoza",2,3,1,2,1,15228.2,27.59,58.4
2,50,"Zaragoza",1,3,2,3,1,24851.1,35.1,979.5
2,50,"Zaragoza",2,3,1,2,3,15775.3,0,979.5
2,50,"Zaragoza",1,2,1,3,3,19433.7,0,979.5
2,50,"Zaragoza",2,4,1,2,3,10196.2,0,40.3
2,50,"Zaragoza",1,4,1,1,3,6623.9,0,930.3
2,50,"Zaragoza",2,4,1,1,3,4901.1,0,930.3
2,50,"Zaragoza",1,2,1,2,1,12102.3,34.02,723
2,50,"Zaragoza",2,2,1,2,3,10225.4,0,723
2,50,"Zaragoza",1,1,2,2,1,13973.5,33.59,723
2,50,"Zaragoza",1,3,1,1,1,22790,35.89,502.4
2,50,"Zaragoza",2,3,1,2,3,7310,0,502.4
2,50,"Zaragoza",2,1,1,2,3,7232.7,0,502.4
2,50,"Zaragoza",1,3,1,1,3,5863.1,0,353.8
2,50,"Zaragoza",1,2,1,2,1,26055.9,27.51,763.8
2,50,"Zaragoza",2,2,1,2,3,15428.8,0,763.8
2,50,"Zaragoza",1,3,1,3,1,18690.6,29.19,400.3
2,50,"Zaragoza",2,3,1,2,2,5976.3,0,400.3
2,50,"Zaragoza",2,1,1,3,1,11910.8,27.31,400.3
2,50,"Zaragoza",2,1,1,2,3,9700.5,0,400.3
2,50,"Zaragoza",2,3,1,3,1,21544.5,41.02,306.5
2,50,"Zaragoza",2,4,1,1,3,14034.5,0,1206
2,50,"Zaragoza",2,2,1,1,1,9828.9,32.62,1973.9
2,50,"Zaragoza",2,2,1,1,1,5231.9,31.48,1973.9
2,50,"Zaragoza",1,3,1,2,1,17127.6,32.24,1320.1
2,50,"Zaragoza",2,3,1,1,1,5615.2,33.68,1320.1
2,50,"Zaragoza",1,1,1,2,3,8893.8,0,1320.1
2,50,"Zaragoza",1,2,1,2,1,15967.7,29.25,321.1
2,50,"Zaragoza",2,2,1,1,3,10782.1,0,321.1
2,50,"Zaragoza",1,2,1,2,1,7543.7,36.33,442.6
2,50,"Zaragoza",2,2,1,1,3,12142.1,0,442.6
2,50,"Zaragoza",2,3,1,3,3,30774.2,0,202.2
2,50,"Zaragoza",1,2,1,1,1,22397.3,38.65,99.8
2,50,"Zaragoza",2,2,1,1,3,16550.7,0,99.8
2,50,"Zaragoza",2,1,1,1,1,13451.3,32.91,99.8
2,50,"Zaragoza",1,1,1,1,2,4718.2,0,99.8
2,50,"Zaragoza",1,3,1,1,1,33268,36.98,1761.8
2,50,"Zaragoza",2,3,1,1,3,33166.1,0,1761.8
2,50,"Zaragoza",1,2,1,1,1,22845.8,30.04,1761.8
2,50,"Zaragoza",1,4,1,1,3,17393.1,0,1468.1
2,50,"Zaragoza",2,4,1,1,3,3751.8,0,1468.1
2,50,"Zaragoza",1,4,1,1,3,20905.1,0,1408.2
2,50,"Zaragoza",2,4,1,1,3,13001,0,1408.2
2,50,"Zaragoza",1,3,1,2,1,6865.1,30.05,341.5
2,50,"Zaragoza",2,3,1,1,3,14601.1,0,341.5
2,50,"Zaragoza",2,1,1,2,1,8888.6,36.79,341.5
2,50,"Zaragoza",2,1,1,2,3,21848.4,0,341.5
2,50,"Zaragoza",1,2,1,1,1,13874.9,34.04,117.4
2,50,"Zaragoza",2,2,1,1,3,15089.5,0,117.4
2,50,"Zaragoza",2,3,1,3,1,17702.5,33.42,123.2
2,50,"Zaragoza",1,3,1,1,1,3896,33.84,1761.3
2,50,"Zaragoza",2,2,1,1,3,27800.2,0,1761.3
2,50,"Zaragoza",1,1,1,2,3,15723.6,0,1761.3
2,50,"Zaragoza",1,1,1,2,3,7340.8,0,1761.3
2,50,"Zaragoza",1,3,1,2,1,25930.7,33.83,491.3
2,50,"Zaragoza",1,2,1,3,1,21996.8,29.4,2080.4
2,50,"Zaragoza",2,3,1,1,1,14552.3,37.71,782.4
2,50,"Zaragoza",1,3,1,1,1,22590.6,36.14,782.4
2,50,"Zaragoza",1,3,1,1,3,13523.2,0,788.2
2,50,"Zaragoza",2,3,1,1,3,10473.8,0,788.2
2,50,"Zaragoza",2,4,1,2,3,8397.9,0,148
2,50,"Zaragoza",2,2,1,2,1,26229,35.05,148
2,50,"Zaragoza",1,3,1,1,1,16059.9,36.69,1538.3
2,50,"Zaragoza",2,2,1,1,1,6467.2,32.86,1538.3
2,50,"Zaragoza",1,1,1,2,1,3297.9,33.74,1538.3
2,50,"Zaragoza",1,1,1,2,1,17359.2,33.24,1538.3
2,50,"Zaragoza",1,4,1,1,3,4918.8,0,1468.1
2,50,"Zaragoza",2,4,1,1,3,12684.3,0,1468.1
2,50,"Zaragoza",1,2,1,1,3,20030.8,0,74.9
2,50,"Zaragoza",2,2,1,2,3,11285.9,0,74.9
2,50,"Zaragoza",2,1,1,1,2,22679.9,0,74.9
2,50,"Zaragoza",2,4,1,1,3,10089.5,0,74.9
2,50,"Zaragoza",1,4,1,2,3,12233.9,0,921.1
2,50,"Zaragoza",2,4,1,1,3,10758.5,0,921.1
2,50,"Zaragoza",2,4,1,1,3,11630.2,0,215.7
2,50,"Zaragoza",1,2,1,2,1,22828.2,35.94,713.9
2,50,"Zaragoza",2,2,1,1,1,13441.3,31.01,713.9
2,50,"Zaragoza",2,2,1,1,1,7697.2,31.59,1413.7
2,50,"Zaragoza",1,2,1,1,1,7292.2,31.94,1413.7
2,50,"Zaragoza",1,1,1,2,1,13942.8,32.36,1413.7
2,50,"Zaragoza",2,2,1,3,1,34676.7,31.84,988.4
2,50,"Zaragoza",1,2,1,3,1,10869.3,35.14,988.4
2,50,"Zaragoza",2,4,1,1,3,11255,0,988.4
2,50,"Zaragoza",1,2,1,2,1,12320.6,32.79,817.5
2,50,"Zaragoza",2,2,1,2,3,18936.1,0,817.5
2,50,"Zaragoza",2,1,1,2,3,18835.6,0,817.5
2,50,"Zaragoza",1,3,1,2,1,27439.1,38.28,245.2
2,50,"Zaragoza",2,2,1,2,3,14637.2,0,245.2
2,50,"Zaragoza",2,2,1,2,1,8736.2,31.88,245.2
2,50,"Zaragoza",2,3,1,1,1,8417.1,29.3,111.5
2,50,"Zaragoza",2,3,1,1,3,16576,0,373.8
2,50,"Zaragoza",1,4,1,1,3,19556.9,0,373.8
2,50,"Zaragoza",2,2,1,3,1,34619.7,38.75,976.2
2,50,"Zaragoza",1,2,1,2,1,13528.2,35.39,486.3
2,50,"Zaragoza",2,2,1,2,3,9082.9,0,486.3
2,50,"Zaragoza",2,2,1,3,1,22046.1,31.69,486.3
2,50,"Zaragoza",1,2,1,3,1,19526.4,35.25,486.3
2,50,"Zaragoza",1,4,1,3,1,12606.8,33.93,952.3
2,50,"Zaragoza",2,4,1,2,3,9808.5,0,952.3
2,50,"Zaragoza",1,3,1,2,3,13026.6,0,952.3
2,50,"Zaragoza",1,2,1,2,1,9500.9,33.59,201.1
2,50,"Zaragoza",2,2,1,2,3,8832.8,0,201.1
2,50,"Zaragoza",1,3,1,2,3,2647.1,0,214.5
2,50,"Zaragoza",2,3,1,2,3,5855.2,0,214.5
2,50,"Zaragoza",2,2,1,3,1,17798.9,31.56,214.5
2,50,"Zaragoza",1,2,1,2,1,16570.2,37.05,214.5
2,50,"Zaragoza",2,4,1,2,3,19783.6,0,708.5
2,50,"Zaragoza",1,4,1,1,3,11014.7,0,708.5
2,50,"Zaragoza",1,2,1,2,1,11732.8,36.71,374.3
2,50,"Zaragoza",2,2,1,2,1,26564.3,33.16,374.3
2,50,"Zaragoza",1,1,1,2,1,7247.3,33.96,374.3
2,50,"Zaragoza",1,4,1,1,3,13058,0,708.5
2,50,"Zaragoza",2,4,1,1,3,20484,0,708.5
2,50,"Zaragoza",2,2,1,3,1,33549.2,36.5,516.7
2,50,"Zaragoza",1,2,1,3,1,16478.4,31.74,516.7
2,50,"Zaragoza",1,4,1,1,3,6956.6,0,209
2,50,"Zaragoza",1,2,1,3,1,26969.1,37.15,1795.9
2,50,"Zaragoza",2,2,1,2,3,16211.6,0,1795.9
2,50,"Zaragoza",1,2,1,1,1,6503.2,37.68,116.7
2,50,"Zaragoza",2,2,1,1,3,11270,0,116.7
2,50,"Zaragoza",2,2,1,2,1,18579.6,31.06,2456.5
2,50,"Zaragoza",1,2,1,2,1,18270.8,34.9,2456.5
2,50,"Zaragoza",1,2,1,2,1,11961.2,37.47,1069.8
2,50,"Zaragoza",2,2,1,2,2,17495,0,1069.8
2,50,"Zaragoza",2,1,1,2,3,6212.4,0,1069.8
2,50,"Zaragoza",1,3,1,1,3,6194.9,0,329.6
2,50,"Zaragoza",1,2,1,2,2,4028.9,0,329.6
2,50,"Zaragoza",2,2,1,2,2,11930.8,0,672.5
2,50,"Zaragoza",1,2,1,2,1,8441.4,28.7,672.5
2,50,"Zaragoza",2,1,1,2,2,7084.9,0,672.5
2,50,"Zaragoza",2,3,1,1,3,21244.3,0,305.1
2,50,"Zaragoza",1,3,1,2,1,6498.6,38.67,244.9
2,50,"Zaragoza",2,3,1,2,1,25570.9,32.49,244.9
2,50,"Zaragoza",1,2,1,2,1,13829.6,30.46,244.9
2,50,"Zaragoza",1,4,1,1,3,12792.5,0,244.9
2,50,"Zaragoza",1,2,1,2,1,10416.6,35.72,587.5
2,50,"Zaragoza",2,2,1,2,3,14942.1,0,587.5
2,50,"Zaragoza",2,3,1,2,3,8718.2,0,243.3
2,50,"Zaragoza",1,3,1,2,1,14250.1,32.51,243.3
2,50,"Zaragoza",1,2,1,2,1,8764.9,35.16,587.5
2,50,"Zaragoza",2,2,1,2,1,21884.5,31.59,587.5
2,50,"Zaragoza",1,2,1,2,1,6134.8,34.41,538.2
2,50,"Zaragoza",2,2,1,3,1,27726,35.26,538.2
2,50,"Zaragoza",1,1,1,2,1,19201.6,36.34,538.2
2,50,"Zaragoza",1,1,1,2,3,2155.2,0,538.2
2,50,"Zaragoza",1,2,1,3,1,14939.2,38.34,1264
2,50,"Zaragoza",2,2,1,3,1,19974.5,32.28,1264
2,50,"Zaragoza",2,1,1,3,3,22584.9,0,1264
2,50,"Zaragoza",1,3,1,2,1,20963.1,37.61,2578.2
2,50,"Zaragoza",2,3,1,2,1,11906,35.41,2578.2
2,50,"Zaragoza",2,1,1,3,3,5914.5,0,2578.2
2,50,"Zaragoza",2,2,1,3,1,15567.3,30.97,2578.2
2,50,"Zaragoza",1,3,1,2,1,15645.1,33.23,341.4
2,50,"Zaragoza",2,2,2,1,3,10823,0,341.4
2,50,"Zaragoza",1,1,2,2,3,14127,0,341.4
2,50,"Zaragoza",2,1,1,2,3,14348.7,0,341.4
2,50,"Zaragoza",1,3,1,1,3,8615.4,0,442.6
2,50,"Zaragoza",2,3,1,1,3,14365.6,0,442.6
2,50,"Zaragoza",1,2,1,1,1,16800.5,28.44,442.6
2,50,"Zaragoza",1,4,1,1,3,11577.9,0,400.8
2,50,"Zaragoza",2,3,1,1,3,12262.1,0,400.8
2,50,"Zaragoza",1,4,1,2,3,12079.7,0,400.8
2,50,"Zaragoza",2,3,1,1,1,20210,34.18,400.8
2,50,"Zaragoza",1,2,1,2,1,11602.3,37.58,1341.9
2,50,"Zaragoza",2,2,1,2,1,7162.2,34.72,1341.9
2,50,"Zaragoza",1,1,1,1,3,5905,0,1341.9
2,50,"Zaragoza",1,2,1,2,1,9818.8,29.51,686.7
2,50,"Zaragoza",2,2,1,2,1,11303.8,37.17,686.7
2,50,"Zaragoza",1,4,1,1,3,23758.6,0,686.7
2,50,"Zaragoza",2,2,1,2,3,11444.8,0,198.8
2,50,"Zaragoza",1,3,1,1,1,17406.8,39.17,198.8
2,50,"Zaragoza",2,3,1,1,3,7611.3,0,198.8
2,50,"Zaragoza",2,2,1,3,1,16518.6,28.84,198.8
2,50,"Zaragoza",2,4,1,1,3,13023.5,0,955.7
2,50,"Zaragoza",1,4,1,1,3,9841,0,1130.9
2,50,"Zaragoza",2,3,1,1,1,21949,29.47,1130.9
2,50,"Zaragoza",2,4,2,1,3,16294.6,0,1130.9
2,50,"Zaragoza",2,4,2,1,3,17942.9,0,1065.2
2,50,"Zaragoza",1,4,1,1,3,11426.2,0,593.4
2,50,"Zaragoza",2,4,1,1,3,9827.5,0,593.4
2,50,"Zaragoza",1,2,1,1,1,6488.3,37.27,611.5
2,50,"Zaragoza",2,2,1,2,3,10020.9,0,611.5
2,50,"Zaragoza",2,2,1,3,1,22037.5,34.67,387.2
2,50,"Zaragoza",1,4,1,3,3,12048.3,0,286.6
2,50,"Zaragoza",2,4,1,3,3,23071.5,0,1577.1
2,50,"Zaragoza",1,2,1,2,1,6296.6,34.06,1157.7
2,50,"Zaragoza",2,2,1,2,1,23415.9,33.23,1157.7
2,50,"Zaragoza",1,3,1,2,1,14344.9,32.69,734.4
2,50,"Zaragoza",2,2,1,3,1,58470.4,32.56,734.4
2,50,"Zaragoza",2,2,1,3,1,16771.7,30.75,1489.9
2,50,"Zaragoza",1,4,1,2,3,17030.8,0,1489.9
2,50,"Zaragoza",2,4,1,1,3,9641.7,0,1489.9
2,50,"Zaragoza",2,2,1,3,1,10992.6,33.32,276.8
2,50,"Zaragoza",2,2,1,2,1,19208.9,29.49,1023.4
2,50,"Zaragoza",1,2,1,2,1,10266.3,32.87,1023.4
2,50,"Zaragoza",2,4,1,1,3,8214.8,0,1394.1
2,50,"Zaragoza",2,3,1,3,1,15497.6,37.26,226.6
2,50,"Zaragoza",2,3,1,2,1,20809.6,28.76,149.8
2,50,"Zaragoza",1,3,1,3,1,21639.3,32.28,458.6
2,50,"Zaragoza",2,3,1,2,3,23691,0,458.6
2,50,"Zaragoza",1,2,1,3,1,18847.9,28.45,458.6
2,50,"Zaragoza",2,4,1,1,3,12888.6,0,458.6
2,50,"Zaragoza",2,3,1,3,1,11490,34.8,750.4
2,50,"Zaragoza",2,2,1,2,1,17571,37.18,750.4
2,50,"Zaragoza",1,2,1,3,1,15123.3,30.7,750.4
2,50,"Zaragoza",1,3,1,3,1,21396.8,31.98,750.4
2,50,"Zaragoza",2,3,1,2,3,8136.5,0,419.4
2,50,"Zaragoza",1,4,1,1,3,5023.8,0,866.7
2,50,"Zaragoza",2,4,1,1,3,7949.8,0,866.7
2,50,"Zaragoza",1,2,1,2,1,16352.8,31.32,1706.3
2,50,"Zaragoza",2,2,1,2,1,10345.1,31.81,1706.3
2,50,"Zaragoza",1,4,1,2,3,10547.9,0,926.8
2,50,"Zaragoza",2,4,1,2,3,12672.9,0,926.8
2,50,"Zaragoza",2,3,1,3,3,30101.5,0,624.2
2,50,"Zaragoza",2,4,1,1,3,11088.8,0,624.2
2,50,"Zaragoza",1,4,2,1,3,4657.5,0,793.8
2,50,"Zaragoza",2,4,1,1,3,14707.3,0,793.8
2,50,"Zaragoza",1,3,1,3,3,15424.3,0,2604.9
2,50,"Zaragoza",2,3,1,3,3,15542.9,0,2604.9
2,50,"Zaragoza",2,2,1,3,1,9438.3,34.51,2604.9
2,50,"Zaragoza",2,2,1,2,3,7284.1,0,1104.5
2,50,"Zaragoza",1,2,1,2,1,11435.6,32.21,1104.5
2,50,"Zaragoza",1,4,1,1,3,11258.4,0,216.2
2,50,"Zaragoza",1,3,1,2,1,31933.1,33.83,424.4
2,50,"Zaragoza",2,2,1,3,1,20418.5,30.58,424.4
2,50,"Zaragoza",1,4,1,3,3,20238.2,0,256.4
2,50,"Zaragoza",2,3,2,1,1,9696.6,32.1,256.4
2,50,"Zaragoza",2,4,2,1,3,4537.2,0,1125.9
2,50,"Zaragoza",2,4,2,2,3,10209.3,0,1125.9
2,50,"Zaragoza",2,4,2,1,3,8570.8,0,1125.9
2,50,"Zaragoza",1,4,1,1,3,5919.1,0,1125.9
2,50,"Zaragoza",2,4,1,1,3,26066.1,0,1605.3
2,50,"Zaragoza",1,4,1,1,3,10467.3,0,1605.3
2,50,"Zaragoza",1,2,1,2,1,6602.6,33.28,1605.3
2,50,"Zaragoza",2,4,1,2,1,41745.4,36.37,743.1
2,50,"Zaragoza",1,4,1,1,3,9051.9,0,743.1
2,50,"Zaragoza",1,2,1,2,2,22411.4,0,51.7
2,50,"Zaragoza",2,2,1,2,1,8377,34.96,51.7
2,50,"Zaragoza",1,2,1,2,1,12292.9,31.35,51.7
2,50,"Zaragoza",1,3,1,3,1,21599.3,33.35,496.4
2,50,"Zaragoza",2,3,1,3,1,26260.8,36.53,496.4
2,50,"Zaragoza",2,2,1,3,1,19039.9,34.47,496.4
2,50,"Zaragoza",1,1,1,3,3,19763.1,0,496.4
2,50,"Zaragoza",1,4,1,3,3,9113.6,0,255.9
2,50,"Zaragoza",2,4,1,1,3,14038,0,786
2,50,"Zaragoza",1,4,1,1,3,7333.8,0,786
2,50,"Zaragoza",1,3,1,1,3,7925.9,0,662.2
2,50,"Zaragoza",2,3,1,1,3,28900.2,0,662.2
2,50,"Zaragoza",1,2,1,3,1,24394.6,35.31,662.2
2,50,"Zaragoza",2,3,1,1,3,9270.4,0,2025.2
2,50,"Zaragoza",1,3,1,1,3,8385.6,0,2025.2
2,50,"Zaragoza",2,1,1,3,3,18518.7,0,2025.2
2,50,"Zaragoza",1,3,2,1,1,8343.8,35,172.6
2,50,"Zaragoza",1,3,1,1,1,11771.4,33.83,172.6
2,50,"Zaragoza",2,3,1,1,3,14252.2,0,172.6
2,50,"Zaragoza",1,1,1,3,3,19567.1,0,172.6
2,50,"Zaragoza",1,3,1,3,3,55346.9,0,841.3
2,50,"Zaragoza",2,3,1,2,3,37465.2,0,841.3
2,50,"Zaragoza",1,2,1,3,1,26333.9,29.47,841.3
2,50,"Zaragoza",1,3,1,1,3,211.8,0,454.5
2,50,"Zaragoza",1,2,1,3,1,38569.4,32.49,454.5
2,50,"Zaragoza",2,4,1,1,3,24152.6,0,1411.1
2,50,"Zaragoza",2,2,2,2,1,15627.4,35.65,545.1
2,50,"Zaragoza",1,4,1,2,3,14581.8,0,509.1
2,50,"Zaragoza",2,3,1,2,3,15289.1,0,509.1
2,50,"Zaragoza",2,4,1,1,3,19651.6,0,1324.4
2,50,"Zaragoza",1,4,2,1,3,8883,0,822.3
2,50,"Zaragoza",2,4,1,1,3,3594.1,0,822.3
2,50,"Zaragoza",2,2,1,3,3,15938.7,0,314.8
2,50,"Zaragoza",1,2,1,3,1,19232.8,35.83,314.8
2,50,"Zaragoza",1,1,1,2,3,32319.7,0,314.8
2,50,"Zaragoza",1,2,1,3,1,18364.8,38.12,569.7
2,50,"Zaragoza",2,2,1,3,1,43397.3,33.69,569.7
2,50,"Zaragoza",1,2,1,3,2,24056.4,0,569.7
2,50,"Zaragoza",1,3,1,3,3,22072.8,0,917.9
2,50,"Zaragoza",2,2,1,3,1,27621.9,32.22,917.9
2,50,"Zaragoza",1,1,1,2,3,8688.3,0,917.9
2,50,"Zaragoza",1,2,2,1,1,10011.6,30.63,185
2,50,"Zaragoza",2,2,2,1,1,22707.7,30.02,185
2,50,"Zaragoza",1,1,1,3,1,10998.2,37.45,185
2,50,"Zaragoza",1,1,1,2,1,6802.3,31.4,185
2,50,"Zaragoza",1,4,1,1,3,7619.4,0,882.4
2,50,"Zaragoza",2,4,1,1,3,15805.8,0,882.4
2,50,"Zaragoza",1,3,1,3,3,29816.8,0,545.6
2,50,"Zaragoza",2,3,1,1,3,12779.9,0,545.6
2,50,"Zaragoza",1,2,2,2,1,15126,34.51,545.6
2,50,"Zaragoza",2,4,2,2,3,16479.8,0,1265.4
2,50,"Zaragoza",1,2,1,1,1,8906.8,37.02,1932.1
2,50,"Zaragoza",2,2,1,1,1,9541.2,32.79,1932.1
2,50,"Zaragoza",1,2,1,1,1,15399.4,33.74,1085.8
2,50,"Zaragoza",2,2,1,2,1,17074.8,33.3,1085.8
2,50,"Zaragoza",1,1,2,2,3,8648.7,0,1085.8
2,50,"Zaragoza",1,2,2,2,1,28002.6,28.35,937.9
2,50,"Zaragoza",2,2,1,1,1,25139.4,33.11,937.9
2,50,"Zaragoza",2,1,1,2,3,13285.8,0,937.9
2,50,"Zaragoza",2,1,1,2,3,3564.8,0,937.9
2,50,"Zaragoza",2,2,1,3,3,8012.2,0,809.6
2,50,"Zaragoza",1,2,1,2,1,8563.1,33.84,809.6
2,50,"Zaragoza",1,2,1,2,1,11926.9,35.81,666
2,50,"Zaragoza",2,2,1,2,1,12981.7,34.85,666
2,50,"Zaragoza",1,3,1,3,1,20762.8,35.38,958.6
2,50,"Zaragoza",2,2,1,3,1,9593.8,34.25,958.6
2,50,"Zaragoza",2,1,1,2,3,8000,0,958.6
2,50,"Zaragoza",1,2,1,2,1,24482.7,34.39,415.9
2,50,"Zaragoza",1,3,1,1,1,22469.5,33.84,668.2
2,50,"Zaragoza",2,2,1,1,1,12214.6,29.34,668.2
2,50,"Zaragoza",1,4,1,3,3,13851.7,0,799.2
2,50,"Zaragoza",2,4,1,1,3,12389,0,799.2
2,50,"Zaragoza",2,3,1,2,1,8580,31.1,1514.3
2,50,"Zaragoza",1,2,1,3,1,19476.3,39.59,1514.3
2,50,"Zaragoza",2,1,1,2,3,17000,0,1514.3
2,50,"Zaragoza",1,2,1,2,1,17604.1,32.8,2240.5
2,50,"Zaragoza",2,2,1,3,3,16157.8,0,2240.5
2,50,"Zaragoza",1,3,1,3,3,12194,0,338.5
2,50,"Zaragoza",2,3,1,3,1,30201.4,40.35,338.5
2,50,"Zaragoza",2,4,1,1,3,9361.3,0,1287.3
2,50,"Zaragoza",1,2,1,3,1,23826.1,35.72,3017.5
2,50,"Zaragoza",2,2,1,2,1,17966.1,30.82,3017.5
2,50,"Zaragoza",1,2,1,2,1,8837.8,33.78,182.4
2,50,"Zaragoza",2,2,1,1,3,17996.9,0,182.4
2,50,"Zaragoza",1,1,1,3,3,13166.9,0,182.4
2,50,"Zaragoza",1,1,1,3,3,11515.8,0,182.4
2,50,"Zaragoza",1,3,1,2,1,16836.1,38.4,1755.3
2,50,"Zaragoza",2,3,1,2,3,37968.5,0,1755.3
2,50,"Zaragoza",2,1,1,2,3,8546.4,0,1755.3
2,50,"Zaragoza",1,2,1,2,1,21634.6,39.32,1104.4
2,50,"Zaragoza",2,3,1,1,3,17496.8,0,1387.8
2,50,"Zaragoza",2,2,1,2,1,12977,35.08,1387.8
2,50,"Zaragoza",1,1,1,2,1,7106.8,30.09,1387.8
2,50,"Zaragoza",1,2,1,2,1,7941.8,31.19,3017.5
2,50,"Zaragoza",2,2,1,2,1,18813,33.5,3017.5
2,50,"Zaragoza",1,3,1,2,1,20605.7,35.56,1213.1
2,50,"Zaragoza",2,3,1,1,1,9095,33.22,1213.1
2,50,"Zaragoza",2,2,1,2,1,22848.6,35.8,2206.1
2,50,"Zaragoza",1,2,1,2,1,11760.6,28.79,2206.1
2,50,"Zaragoza",1,2,1,2,2,19321.6,0,124.4
2,50,"Zaragoza",2,2,1,2,1,19924.8,37.21,124.4
2,50,"Zaragoza",2,3,1,1,3,13042.5,0,246.5
2,50,"Zaragoza",1,3,1,1,1,19618.2,42.01,246.5
