price,size_in_m_2,longitude,latitude,no_of_bedrooms,no_of_bathrooms,quality
2700000,100.242337,55.138932,25.113208,1,2,1
2850000,146.972546,55.151201,25.106809,2,2,1
1150000,181.253753,55.137728,25.063302,3,5,1
2850000,187.66406,55.341761,25.227295,2,3,0
1729200,47.101821,55.139764,25.114275,0,1,1
3119900,94.296545,55.139764,25.114275,1,2,1
8503600,191.565986,55.139764,25.114275,2,3,2
3119900,94.296545,55.139764,25.114275,1,2,1
2100000,203.085958,55.149275,25.106668,3,3,0
2690000,141.305463,55.282665,25.194935,2,3,1
3550000,178.187954,55.271342,25.198796,3,4,0
2094999,98.291374,55.137997,25.075017000000003,2,3,0
1049999,56.577927,55.137997,25.075017000000003,1,2,0
1849000,99.499113,55.151574,25.132519,1,1,1
2089999,97.641053,55.152216,25.132445,1,1,1
2349990,103.029427,55.151405,25.132021,1,1,1
3499000,151.710599,55.151405,25.132021,2,2,1
2700000,125.233244,55.270758,25.198316,2,3,1
1490000,108.417801,55.271023,25.19702,2,2,1
950000,83.055282,55.263892000000006,25.180301,1,2,1
1100000,91.509455,55.132386,25.072396,2,2,1
1390000,121.424221,55.13904599999999,25.079783,2,4,0
3999900,215.813669,55.274196,25.197316,3,4,1
3349000,365.10879,55.145075,25.08377,3,4,0
8470000,486.068496,55.151405,25.132021,3,3,1
2499000,231.32847,55.141679,25.084331,3,4,1
2800000,159.049936,55.271884,25.194282,2,3,1
8500000,471.854337,55.138542,25.074958,4,4,1
1875000,143.349329,55.270677,25.191719,2,3,0
1275000,87.143014,55.277388,25.190044,1,2,0
1465777,92.810097,55.294217,25.233787,1,2,1
1260000,152.918338,55.151201,25.106809,2,3,0
1386795,100.706852,55.296535,25.158305,2,3,1
4500000,283.168344,55.341761,25.227295,2,3,1
750000,73.950788,55.241403000000005,25.06031,1,1,2
991000,107.953286,55.241403000000005,25.06031,2,2,2
3599999,182.647298,55.126352,25.07359,3,3,0
2625000,165.924758,55.137997,25.075017000000003,3,4,0
1270000,83.6127,55.343457,25.204631,1,2,1
1398000,108.510704,55.345142,25.206345,1,2,0
1795000,93.088806,55.133386,25.074439,1,2,1
1600000,113.434563,55.278378,25.190275,2,3,0
1050000,51.003747,55.13750600000001,25.114333,0,1,0
1150000,105.259099,55.172015,25.091487,2,2,0
1800000,110.647473,55.264588,25.200221,1,2,1
1349999,172.892483,55.15156,25.02985,3,4,1
1800000,146.972546,55.34511,25.20573,2,3,0
2353146,108.510704,55.2763,25.185337,2,3,1
2800000,294.688316,55.147796,25.089393,4,5,0
365000,41.899253,55.25101,25.016736,0,1,1
1980000,86.864305,55.151574,25.132519,1,1,1
2300000,71.999825,55.14736,25.086376,1,2,1
2200000,118.637131,55.147768000000006,25.086575,2,3,1
1270000,91.137843,55.343457,25.204631,1,2,0
2650000,158.213809,55.128089,25.072954,2,2,0
375000,41.80635,55.137452,25.065736,0,1,1
1150000,126.998401,55.206417,25.029767,2,3,0
2400000,182.554395,55.25658000000001,25.183133,3,4,1
1700000,126.162274,55.25658000000001,25.183133,2,3,1
1709847,126.998401,55.25658000000001,25.183133,2,3,1
12000000,244.427793,55.235827,25.215192,3,5,1
1850000,185.155679,55.247980000000005,25.109367,3,4,1
2090000,126.812595,55.188957,25.137409,2,3,0
1425000,142.60610499999999,55.288017,25.145181,2,3,0
1595000,125.41905,55.133230000000005,25.070605,2,2,0
975000,58.250181,55.14736,25.086376,1,1,1
3400000,155.333816,55.128089,25.072954,2,3,1
2050000,204.107891,55.26418,25.189124,3,4,0
995000,155.14801,55.249375,25.046147,2,1,0
1300000,109.811346,55.247980000000005,25.109367,2,3,1
1100000,155.14801,55.249375,25.046147,2,3,1
750000,79.060453,55.252762,25.019361,1,2,0
1999999,163.044765,55.278772,25.212018,2,2,1
2990000,176.794409,55.280919,25.19331,3,4,0
2400000,159.514451,55.142382,25.108728,2,3,1
2600000,126.34808,55.282665,25.194935,2,3,0
2000000,137.217731,55.141064,25.083121,2,3,1
1800000,150.688666,55.277512,25.186457,2,3,0
930000,71.906922,55.269631,25.196593,1,2,0
3200000,146.043516,55.152216,25.132445,2,3,1
714000,68.004996,55.203684,25.066791,1,1,2
1075000,120.7739,55.132386,25.072396,3,3,1
2299900,105.259099,55.274196,25.197316,1,2,1
1200000,109.62554,55.146759,25.088431,2,2,1
1525000,133.78032,55.145075,25.08377,2,3,0
2700000,156.541555,55.262161,25.204462,2,2,1
815000,72.371437,55.136283,25.07851,1,1,0
860000,90.208813,55.152381000000005,25.080143,1,2,1
1200000,134.70935,55.178291,25.100994,2,1,1
1300000,70.884989,55.126352,25.07359,1,1,0
2100000,105.444905,55.274196,25.197316,1,1,2
2100000,183.390522,55.278947,25.187622,3,5,0
2100000,97.641053,55.152216,25.132445,1,1,1
2100000,76.737878,55.274196,25.197316,1,2,0
3499000,151.710599,55.151405,25.132021,2,2,1
5500000,242.383927,55.145205,25.086726,4,5,0
2100000,146.693837,55.14512,25.081243,2,3,0
1845000,141.769978,55.28205,25.211032,2,2,0
1800000,182.461492,55.313162,25.100921,1,2,2
600000,116.686168,55.20175,25.034774,2,3,1
1155000,69.955959,55.280912,25.200926000000003,1,2,1
2095000,133.408708,55.15786899999999,25.07868,2,3,1
1900000,133.594514,55.269463,25.195461,2,3,1
1800000,138.42547,55.136798,25.111433,1,2,0
1800000,138.42547,55.136449,25.111229,1,2,0
890000,130.0642,55.205381,25.049282,1,2,0
3600000,160.164772,55.151405,25.132021,2,3,1
1845000,125.047438,55.141977,25.081622,2,2,1
1850000,150.781569,55.278772,25.212018,2,3,0
4995000,277.77997,55.148473,25.104117,3,4,1
3000000,204.479503,55.143347,25.112604,3,4,1
610000,42.549574,55.271595,25.176728,0,1,0
2850000,161.093802,55.262688,25.205218,2,4,1
3315000,181.16085,55.262688,25.205218,2,4,0
1800000,112.319727,55.271002,25.196398,2,3,1
2100000,125.790662,55.271002,25.196398,2,3,1
1400000,79.89658,55.27281800000001,25.191753,1,2,0
2300000,124.304214,55.273783,25.189554,2,3,0
2300000,133.966126,55.291922,25.185823000000003,2,3,1
1335000,124.118408,55.16954200000001,25.090953,2,2,0
2200000,175.679573,55.278912,25.187093,3,4,0
1100000,100.985561,55.248755,25.11576,2,2,0
700000,60.015338,55.248755,25.11576,1,1,0
700000,82.033349,55.223079000000006,25.031902,2,2,1
3680000,239.132322,55.264588,25.200221,3,5,0
10000000,315.777297,55.28318,25.195926,4,5,1
2200000,134.430641,55.282665,25.194935,2,2,0
1820000,110.09005499999999,55.277061,25.193542,1,2,1
655888,35.30314,55.138103,25.111902,0,1,2
2300000,181.439559,55.247980000000005,25.109367,3,5,2
3200000,170.01248999999999,55.262161,25.204462,2,4,0
2175000,128.670655,55.137516000000005,25.073593,2,3,0
700000,78.595938,55.207423,25.068608,1,1,1
850000,70.513377,55.132386,25.072396,2,2,0
1066888,66.704354,55.246977,25.106147,1,1,1
2500000,125.976468,55.111349,25.106964,2,3,1
1502000,135.63838,55.20458000000001,25.056225,3,3,2
860000,167.2254,55.398644,25.123141,2,3,1
1000000,85.00624499999999,55.276951,25.186836,1,1,0
850000,50.632135,55.140317,25.077327,0,2,1
3400000,145.486098,55.282429,25.194547,2,3,1
5500000,214.60593,55.282665,25.194935,3,4,1
813000,86.864305,55.212972,25.051528,2,2,0
3399000,193.609852,55.264588,25.200221,3,4,1
1589950,120.959706,55.136982,25.073151,2,3,1
10560000,337.981114,55.126352,25.07359,4,3,1
390000,78.874647,55.218948,25.044572,1,2,1
1650000,135.452574,55.170481,25.089719,2,2,1
1200000,117.243586,55.129829,25.072791,2,2,1
5400000,420.478978,55.109525,25.112725,4,5,1
14800000,466.187254,55.126352,25.07359,5,5,2
1700000,140.190627,55.143347,25.112604,1,1,0
810000,72.371437,55.136283,25.07851,1,2,1
2350000,129.228073,55.271342,25.198796,2,3,0
3000000,73.950788,55.27886899999999,25.194282,1,2,1
920000,122.167445,55.14530799999999,25.075364,3,2,1
2000000,96.61912,55.151574,25.132519,1,2,1
1325000,106.281032,55.151201,25.106809,1,1,0
2850000,115.571332,55.269439,25.194186,2,2,1
1650000,73.579176,55.269439,25.194186,1,2,1
410000,90.02300699999999,55.21736,25.042264000000003,1,2,1
3700000,172.79958,55.188957,25.137409,3,4,1
670000,67.447578,55.203071,25.060247,1,2,0
1100000,109.811346,55.272402,25.19045,1,2,1
620000,71.256601,55.174751,25.091871,1,1,1
2000000,131.364842,55.282056,25.186477,3,3,1
662000,58.900502,55.200525,25.04675,1,2,1
1992888,79.710774,55.284162,25.196558,1,1,1
525000,52.861807,55.140806000000005,25.071246,1,1,1
1990000,144.557068,55.137997,25.075017000000003,2,2,0
767000,75.344333,55.139751,25.067137,1,2,1
1096888,60.38695,55.247341000000006,25.111798,1,1,1
749888,44.779246,55.245773,25.097805,1,1,1
900000,133.687417,55.212988,25.066013,2,3,1
575000,71.628213,55.209389,25.058746,1,2,1
1650000,183.390522,55.149275,25.106668,2,4,1
1600000,90.766231,55.145574,25.087251,1,2,0
1900000,133.408708,55.15864200000001,25.078492,2,3,1
1700000,157.377682,55.141977,25.081622,2,3,1
1150000,119.751967,55.130280000000006,25.072291,2,2,0
1200000,136.381604,55.128579,25.071504,2,3,2
1400000,80.268192,55.25658000000001,25.183133,1,2,1
875000,123.282281,55.138814,25.064767,2,3,1
640000,83.333991,55.14530799999999,25.075364,1,2,1
1150000,156.448652,55.132798,25.073156,2,2,1
1275000,75.437236,55.271449,25.195237,1,1,1
3000000,106.83845,55.269439,25.194186,2,2,0
2500000,176.5157,55.271342,25.198796,3,4,1
1450000,94.76106,55.277662,25.199782,1,1,1
949000,85.099148,55.276951,25.186836,1,1,1
880000,78.688841,55.270028,25.197262,1,2,0
1850000,151.803502,55.278772,25.212018,2,3,0
2700000,278.709,55.133627,25.076319,4,5,1
2950000,208.845944,55.136449,25.111229,3,2,0
310000,39.483775,55.19351,25.043352,0,1,0
3600000,211.725937,55.137511,25.110165,3,4,1
3999900,186.549224,55.274196,25.197316,3,4,1
410000,68.562414,55.21513100000001,25.063265,1,1,1
2100000,135.359671,55.312595,25.178369,2,3,1
1464888,80.546901,55.141699,25.100553,1,1,1
1199999,99.592016,55.132694,25.074307,1,2,1
3150000,134.523544,55.122612,25.077576,2,3,1
1150000,71.349504,55.140317,25.077327,1,1,1
925000,129.599685,55.28915799999999,25.189282,1,2,1
4500000,162.67315299999999,55.276331000000006,25.200879,2,3,1
800000,113.248757,55.148208,25.088606,2,3,1
625000,93.553321,55.216245,25.064191,2,2,1
2650000,126.812595,55.274545,25.191527,2,2,1
2400000,188.59309,55.278772,25.212018,2,3,0
2050000,160.164772,55.278772,25.212018,2,3,0
5800000,309.36699,55.278772,25.212018,3,4,1
1450000,183.01891,55.141933,25.079385,3,4,1
758500,54.81277,55.301002,25.156237,1,1,1
1051938,110.647473,55.140434,25.02462,2,3,2
7500000,682.279632,55.264953000000006,25.181115,3,5,1
600000,62.24501,55.202948,25.066484,1,2,0
14000000,294.316704,55.235827,25.215192,3,5,0
1699999,152.546726,55.170014,25.09003,2,2,2
305000,69.026929,55.40066,25.16774,1,2,0
1300000,125.976468,55.247980000000005,25.109367,2,3,0
1250000,88.629462,55.274261,25.189039,1,1,1
1250000,125.233244,55.14874,25.090418,2,3,0
2350000,234.487172,55.136701,25.11257,3,4,0
1400000,76.366266,55.14736,25.086376,1,2,1
2750000,155.519622,55.136286,25.072375,3,4,2
683001,52.118583,55.24355,25.06211,1,1,1
1690000,174.378931,55.13821899999999,25.080327,3,4,1
1450000,129.13517,55.281666,25.190874,2,2,1
2606000,121.052609,55.111349,25.106964,2,3,2
1375000,125.326147,55.171838,25.088533,2,2,0
2600000,137.031925,55.153066,25.125472,2,3,1
7649000,273.320626,55.151405,25.132021,3,4,1
480000,77.016587,55.214303,25.057252,1,2,0
2400000,140.097724,55.14925,25.084336,2,3,0
800000,48.495366,55.138542,25.074958,0,1,1
10820000,263.84452,55.276331000000006,25.200879,4,5,1
629000,97.641053,55.246714,25.046706,1,1,0
430000,73.672079,55.205661,25.042351,1,2,0
410000,73.950788,55.202774,25.058632,1,2,1
1690000,121.238415,55.170481,25.089719,2,2,0
400888,38.554745,55.154713,25.07913,0,1,1
2100000,121.888736,55.274609,25.192471,2,2,0
650000,76.644975,55.253831000000005,25.015253,1,2,1
1290000,201.878219,55.146294,25.090009,3,3,1
420000,71.349504,55.22176999999999,25.042779,1,1,1
1950000,130.99323,55.132694,25.074307,2,3,0
1600000,134.70935,55.278912,25.187093,2,3,1
685000,78.410132,55.149224,25.087926,1,1,1
1399900,71.256601,55.273056,25.190267,1,2,1
3400000,158.213809,55.280473,25.201842000000003,3,4,1
1389900,83.6127,55.26942,25.195039,1,2,0
850000,65.775324,55.128579,25.071504,1,2,0
1425000,88.25785,55.145574,25.087251,1,2,1
462888,37.347006,55.189927,25.047255,1,2,0
825828,50.074717,55.311623,25.178495,0,1,2
850000,100.613949,55.181316,25.027415,2,2,1
3050000,297.382503,55.146759,25.088431,4,5,1
808520,45.708276,55.308533,25.177819,1,1,2
1760000,180.510529,55.112014,25.123294,2,3,0
850000,54.998576,55.12905799999999,25.068586,1,1,1
1690000,109.253928,55.124993,25.071365,2,2,1
617000,78.96755,55.209442,25.048461,1,2,2
3850000,188.035672,55.270983,25.201718,3,3,0
1355000,163.50928,55.149224,25.087926,2,3,1
1375000,79.524968,55.26942,25.195039,1,2,0
1599999,201.785316,55.146294,25.090009,3,3,1
863400,51.003747,55.339287,25.103784,1,2,1
641700,37.625715,55.339287,25.103784,0,1,1
1250000,125.883565,55.139576,25.110724,1,1,0
3200000,211.81884,55.133230000000005,25.070605,3,4,0
1700000,154.497689,55.277919,25.186913,2,3,0
2050000,139.3545,55.145574,25.087251,2,3,0
1441498,131.643551,55.271356,25.18219,2,3,1
2299880,220.18010999999998,55.2861,25.185772,3,4,1
1789000,91.602358,55.273284,25.193039,1,2,1
3450000,162.208638,55.145574,25.087251,3,3,2
3094900,119.380355,55.276331000000006,25.200879,2,3,0
1890000,147.437061,55.142615,25.115747,1,1,1
1500000,86.028178,55.132888,25.073778,1,2,0
1800000,98.105568,55.124993,25.071365,2,2,1
5790000,320.236641,55.151405,25.132021,3,4,1
2800000,179.30279,55.345142,25.206345,3,3,1
2800000,209.03175,55.137575,25.110559,3,4,1
2399999,226.590417,55.137591,25.111108,3,4,1
864000,64.10307,55.34911,25.201227,1,1,1
1540000,59.45792,55.126527,25.072569,1,2,1
1600000,59.365017,55.126527,25.072569,1,2,0
2320000,107.76748,55.126527,25.072569,2,3,0
2320000,184.040843,55.126527,25.072569,2,3,1
2450000,109.718443,55.126527,25.072569,2,3,0
2450000,109.718443,55.126527,25.072569,2,3,0
2700000,120.7739,55.271223,25.193703,2,3,0
2167888,74.3224,55.28314399999999,25.194877,1,2,0
1700000,90.766231,55.270189,25.201204,1,2,1
1667888,108.69651,55.365799,25.195295,2,3,0
1399888,76.18046,55.345967,25.20863,1,2,1
1051888,67.540481,55.243982,25.099132,2,3,0
1050888,67.168869,55.243982,25.099132,2,3,0
1021888,68.934026,55.243982,25.099132,2,3,0
1040000,59.736629,55.349638,25.195854,1,2,0
1964888,92.159776,55.14034300000001,25.080542,1,2,1
1370888,69.305638,55.139276,25.0967,1,2,1
1722888,73.300467,55.141746,25.099793,1,2,1
1949888,105.816517,55.14145500000001,25.099744,2,3,1
4000000,194.817591,55.141746,25.099793,3,4,0
1500000,69.212735,55.141275,25.09938,1,2,0
1150000,67.726287,55.14145500000001,25.099744,1,2,1
2500000,139.447403,55.345908,25.209767000000003,2,3,1
1739999,106.188129,55.34419499999999,25.203844,2,3,1
5460661,130.0642,55.267099,25.18868,2,3,0
1471888,92.53138799999999,55.24734,25.111805,2,3,0
1165000,92.717194,55.24734,25.111805,2,3,1
1900000,218.507856,55.131088,25.071448,2,3,1
3621888,171.591841,55.343101,25.202808,3,4,0
1780888,92.717194,55.269318000000005,25.194031,2,3,0
1780888,92.345582,55.269318000000005,25.194031,2,3,0
2042888,129.413879,55.34911,25.201227,3,4,0
1710000,120.866803,55.25277,25.240419,2,3,0
6400000,272.391596,55.25277,25.240419,4,5,0
1234000,75.901751,55.25277,25.240419,1,2,0
1737000,119.84487,55.25277,25.240419,2,3,0
1459000,73.764982,55.25277,25.240419,1,2,0
1868000,112.970048,55.25277,25.240419,2,3,1
2008000,125.233244,55.189006000000006,25.137198,2,3,1
1592892,122.910669,55.264968,25.193359,2,3,0
1650000,120.7739,55.264968,25.193359,2,3,1
649888,29.171542,55.138635,25.112193,0,1,1
876888,32.794759,55.138635,25.112193,0,1,0
1600000,90.580425,55.14668100000001,25.087147,1,2,1
1750000,103.029427,55.139276,25.0967,2,3,0
1950000,104.05136,55.271797,25.195483,2,2,1
1550000,112.970048,55.280662,25.202977,2,3,1
850000,153.28995,55.398644,25.123141,2,3,1
1500000,126.069371,55.33868,25.225739,2,3,2
657903,79.060453,55.20955,25.04866,1,2,1
1367000,75.994654,55.25277,25.240419,1,1,0
18614888,500.096849,55.272126,25.196489,4,6,2
1500888,192.30921,55.283576,25.273623,2,2,1
520000,99.499113,55.217965,25.039514,2,3,0
1900000,214.977542,55.132888,25.073778,2,2,1
1750000,162.58025,55.109525,25.112725,2,3,1
4500000,357.212035,55.313162,25.100921,3,4,1
3000000,295.43154,55.146759,25.088431,4,4,2
12930000,283.261247,55.271884,25.194282,4,6,0
1750000,149.202218,55.246280000000006,25.114553,3,3,1
1375000,128.20614,55.171838,25.088533,2,3,1
3100000,138.239664,55.12067,25.079276,2,3,0
1690000,106.83845,55.271797,25.195483,2,2,2
799900,91.881067,55.266317,25.192522,1,1,1
580000,58.621793,55.281229,25.010599,1,1,1
1700000,124.025505,55.275682,25.188743,2,3,0
1699000,124.304214,55.137591,25.111108,1,2,1
1400000,120.680997,55.281004,25.18984,2,3,0
2450000,204.758212,55.135687,25.075974,3,4,0
2298999,172.985386,55.262829,25.208262,2,3,1
605000,47.659239,55.26667,25.183515,0,1,1
599000,82.219155,55.376107,25.112525,1,2,1
4681888,159.79316,55.271884,25.194282,2,3,0
2500000,168.804751,55.134763,25.078122,2,3,1
1800000,119.008743,55.136286,25.072375,2,3,1
1890000,116.593265,55.14736,25.086376,2,3,0
1750000,168.340236,55.109525,25.112725,2,3,0
1100000,67.81919,55.280662,25.202977,1,1,0
900000,91.881067,55.247980000000005,25.109367,1,1,0
1295000,237.274262,55.16360400000001,25.007528,3,2,0
1640000,120.959706,55.141977,25.081622,2,3,1
1200000,68.097899,55.25277,25.240419,1,2,0
350000,49.703105,55.376107,25.112525,0,1,1
1150000,112.41263,55.139742000000005,25.07907,2,4,1
589000,78.410132,55.210235,25.063841,1,2,1
1670000,126.905498,55.132888,25.073778,2,3,1
1550000,272.298693,55.241586,25.045661,3,3,0
1650000,81.011416,55.270983,25.201718,1,2,0
2650000,138.704179,55.153066,25.125472,2,2,0
1930000,190.07953799999999,55.136122,25.114513,2,3,1
368000,35.767655,55.20792900000001,25.066252,0,1,1
5500000,212.283355,55.270189,25.201204,4,4,0
3900000,183.762134,55.271342,25.198796,3,4,0
1500000,160.443481,55.133324,25.069944,2,3,1
1650000,102.56491199999999,55.27875600000001,25.195235,2,3,2
1150000,149.295121,55.199369,25.052714,3,4,0
1890000,95.03976899999999,55.25277,25.240419,2,3,1
15800000,488.019459,55.272126,25.196489,4,5,1
3000000,122.353251,55.271449,25.195237,2,3,1
4000000,177.258924,55.27875600000001,25.195235,3,3,1
1625000,81.290125,55.147768000000006,25.086575,1,2,0
2243000,120.12357899999999,55.275166000000006,25.187556,2,2,1
800000,95.504284,55.143825,25.074521,1,2,1
2650000,150.131248,55.280662,25.202977,3,4,1
1239000,69.398541,55.277662,25.199782,1,1,1
4100000,164.809922,55.276331000000006,25.200879,2,3,0
2600888,147.065449,55.247341000000006,25.111798,3,3,1
1200000,68.097899,55.25277,25.240419,1,1,0
3150000,152.825435,55.14847,25.104115,2,2,2
1100000,102.286203,55.138863,25.081955,1,2,1
2499000,135.917089,55.128089,25.072954,2,3,1
1061888,67.81919,55.25912,25.121564000000003,2,2,1
930888,86.39979,55.293818,24.999981,2,2,1
453888,31.494117,55.291873,24.998576,0,1,1
2040888,149.295121,55.248755,25.11576,3,3,1
1100000,77.016587,55.129145,25.069266,2,2,1
1261142,68.934026,55.2758,25.171461,1,2,1
1170000,91.04494,55.145574,25.087251,1,2,1
2499000,126.998401,55.111349,25.106964,2,5,0
1642777,92.717194,55.294217,25.233787,1,2,0
1450000,138.146761,55.244923,25.107984,2,3,0
1276686,70.60628,55.2758,25.171461,1,2,1
1550000,91.97397,55.294217,25.233787,1,2,1
2046777,151.803502,55.294217,25.233787,2,3,1
3700000,210.88981,55.261734,25.20179,3,4,0
2800000,200.298868,55.140778000000005,25.11309,3,4,0
2999900,165.181534,55.274196,25.197316,2,3,0
2650000,165.924758,55.137997,25.075017000000003,3,4,0
3500000,164.066698,55.152727,25.131393,2,3,1
1300000,105.259099,55.277978,25.207533,1,2,0
2950000,139.633209,55.134135,25.076944,2,3,0
1780000,95.504284,55.128089,25.072954,1,2,1
675000,76.737878,55.294028,25.15899,1,1,0
1450000,118.358422,55.275199,25.206412,1,2,1
1010000,79.89658,55.27389599999999,25.191404,1,2,1
5750000,239.132322,55.13862099999999,25.084102,3,5,1
1250000,105.259099,55.277978,25.207533,1,2,0
4649900,247.400689,55.274196,25.197316,3,4,1
1250000,112.41263,55.139082,25.079966,2,3,1
2049999,96.526217,55.28019499999999,25.191642,2,3,1
888000,82.49786399999999,55.283132,25.015608,2,2,1
16950000,455.875021,55.288975,25.188299,3,3,1
30950000,735.977566,55.288975,25.188299,4,4,1
1225000,68.283705,55.14145500000001,25.099744,1,2,1
2577888,125.604856,55.269318000000005,25.194031,3,4,0
1025888,66.89016,55.138103,25.111902,1,2,1
913548,49.145687,55.142624,25.082217,0,1,0
2250000,157.9351,55.269309,25.191634,2,3,1
1275000,82.962379,55.28205,25.211032,1,1,1
350000,48.959881,55.254155,25.020958,0,1,1
780000,65.682421,55.344345,25.204135,1,1,0
1650000,97.455247,55.284124,25.196592000000003,2,3,0
424340,35.767655,55.203684,25.066791,0,1,1
1800000,102.1933,55.153066,25.125472,1,2,1
3175000,211.911743,55.142615,25.115747,3,4,1
1500000,141.677075,55.145205,25.086726,2,3,1
1850000,86.864305,55.151574,25.132519,1,2,1
990000,67.075966,55.244923,25.107984,1,1,1
750000,60.201144,55.248755,25.11576,1,1,1
900000,96.247508,55.26250699999999,25.181311,1,1,2
1700000,108.139092,55.25277,25.240419,2,3,1
1271000,68.004996,55.25277,25.240419,1,2,1
485000,56.020509,55.291467,25.010196,1,1,1
1125000,120.7739,55.140521,25.111822,1,1,0
1000000,63.266943,55.280662,25.202977,1,2,0
700000,52.304389,55.281516,25.18543,0,1,0
725000,64.288876,55.281116,25.185156,0,1,0
1300000,167.132497,55.145552,25.10813,2,3,0
778000,67.81919,55.245729,25.07001,1,2,2
2099999,128.391946,55.147768000000006,25.086575,2,3,0
17910000,580.272138,55.168509,25.10355,4,5,1
15460000,402.362893,55.168509,25.10355,3,4,1
700000,92.903,55.14935,25.022618,2,3,1
450000,46.4515,55.139480000000006,25.065355,0,1,0
1275000,119.101646,55.269631,25.196593,2,3,1
15490000,366.409432,55.168509,25.10355,3,4,1
15830000,330.177262,55.168509,25.10355,3,4,1
15910000,324.417276,55.168509,25.10355,4,5,1
21990000,580.829556,55.168509,25.10355,4,5,1
21870000,481.980764,55.168509,25.10355,4,5,1
22640000,511.431015,55.168509,25.10355,4,5,1
1246305,72.46433999999999,55.2758,25.171461,1,2,2
2085804,103.029427,55.2758,25.171461,2,3,2
1246305,72.46433999999999,55.2758,25.171461,1,2,2
1400000,126.162274,55.247980000000005,25.109367,2,2,1
2850000,125.41905,55.151405,25.132021,2,2,0
1100000,106.281032,55.14165799999999,25.11241,1,1,0
3800000,376.535859,55.13609,25.113366,3,3,0
1100000,88.443656,55.28915799999999,25.189282,1,2,1
650000,71.256601,55.174064,25.091283,1,1,1
17130000,426.889285,55.168509,25.10355,3,4,1
22260000,457.361469,55.168509,25.10355,4,5,1
490000,52.304389,55.272389,25.17667,0,1,0
2800000,185.155679,55.244923,25.107984,3,4,1
450000,102.657815,55.206605,25.047032,1,2,1
1400000,134.70935,55.293914,25.005442,3,3,1
1700000,185.06277599999999,55.138246,25.065886,2,2,1
3000000,211.725937,55.136449,25.111229,3,4,1
1125888,171.87055,55.294912,25.005559,3,4,0
1150000,129.692588,55.14066,25.082397,2,3,1
1499000,159.886063,55.148385,25.087042,3,3,1
990000,67.075966,55.177657,25.108984,1,2,1
1400000,156.07704,55.14866899999999,25.078262,2,4,0
590888,50.725038,55.295312,25.005753,1,2,0
749888,44.779246,55.243982,25.099132,1,2,1
796195,45.801179,55.308533,25.177819,1,1,0
700000,77.574005,55.288017,25.145181,1,2,1
1055000,108.975219,55.148401,25.107353,1,1,0
1100000,135.824186,55.289787,25.01057,3,3,0
3600000,239.968449,55.268641,25.195236,3,4,1
1575000,106.83845,55.144753,25.08333,2,3,0
2000000,157.284779,55.168784,25.096545000000003,2,3,0
900000,92.903,55.247980000000005,25.109367,1,2,1
2099999,128.299043,55.147768000000006,25.086575,2,3,1
420000,41.063126,55.155419,25.021571,0,1,1
849999,63.638555,55.26624,25.178582,1,2,1
4900000,200.391771,55.283223,25.195751,3,4,1
750000,70.420474,55.17514499999999,25.0902,1,1,0
1900000,206.523369,55.148401,25.107353,3,4,1
1400000,142.513202,55.288017,25.145181,2,3,0
1780000,111.4836,55.25277,25.240419,2,2,2
1754888,105.07329299999999,55.138103,25.111902,2,3,1
2350000,172.613774,55.280919,25.19331,2,3,0
2350000,234.487172,55.136701,25.11257,3,4,1
1100000,93.367515,55.13586,25.072696,1,2,1
1095000,72.557243,55.280033,25.19236,1,1,0
525000,64.753391,55.291467,25.010196,1,1,1
1290000,77.202393,55.25277,25.240419,1,2,0
500000,54.719867,55.291467,25.010196,1,1,1
990000,139.3545,55.133324,25.069944,2,3,1
1025000,68.74822,55.271002,25.196398,1,2,1
761888,45.150858,55.243982,25.099132,1,2,0
18614888,500.096849,55.272126,25.196489,4,5,0
1430000,67.168869,55.280662,25.202977,1,2,0
1550000,131.736454,55.17331,25.088728,2,2,0
2750000,114.828108,55.280662,25.202977,2,3,0
1150000,66.239839,55.271002,25.196398,1,1,1
1150000,109.997152,55.149275,25.106668,1,1,0
2000000,201.042092,55.142382,25.108728,2,3,1
1290000,126.533886,55.247980000000005,25.109367,2,3,1
1700000,86.771402,55.280175,25.19168,2,3,0
2349000,276.758037,55.150625,25.089833,3,4,1
1976504,108.231995,55.292277,25.184873,1,2,1
1900000,142.884814,55.270677,25.191719,2,3,1
610000,44.314731,55.282071,25.186573000000003,0,1,1
1900000,175.58667,55.137511,25.110165,2,2,0
1100000,102.286203,55.121042,25.098745,1,2,1
429000,42.73538,55.20541600000001,25.037035,0,2,0
1300000,124.675826,55.168887,25.093319,2,2,0
1460000,80.639804,55.147768000000006,25.086575,1,2,1
3450000,209.96078,55.141387,25.116492,3,3,0
1999999,154.21898,55.173227,25.086886,3,4,2
1650000,172.79958,55.149287,25.085305,1,2,1
7000000,179.674402,55.235827,25.215192,2,2,1
820000,59.45792,55.139815000000006,25.068729,1,1,0
1525000,161.65122,55.271002,25.196398,2,2,0
1299999,126.440983,55.247980000000005,25.109367,2,3,1
950000,80.175289,55.168657,25.091259,1,1,0
1850000,99.40621,55.151574,25.132519,1,2,1
7600000,194.445979,55.235827,25.215192,2,4,0
1500000,89.930104,55.277978,25.207533,1,2,0
1850000,190.915665,55.142546,25.111681,2,4,1
3250000,193.888561,55.277978,25.207533,2,3,0
670000,84.54173,55.202774,25.058632,1,2,0
850000,70.60628,55.132386,25.072396,2,2,1
3250000,378.208113,55.361808,25.221028,3,4,1
1500000,121.981639,55.274878,25.189195,2,3,1
1950000,96.61912,55.151574,25.132519,1,2,1
2300000,158.306712,55.128089,25.072954,2,3,1
2500000,202.249831,55.139576,25.110724,3,3,0
1400000,112.041018,55.142415,25.085047,2,3,1
1150000,165.181534,55.198896,25.049301,2,2,0
1300000,88.25785,55.145574,25.087251,1,2,1
545000,63.17404,55.207037,25.048292,1,2,2
1400000,120.959706,55.142441000000005,25.082004,2,3,0
2200000,162.394444,55.14874,25.090418,3,3,1
1300000,87.143014,55.28205,25.211032,1,2,1
800000,84.355924,55.149224,25.087926,1,2,1
850000,68.097899,55.170481,25.089719,1,1,1
1540000,71.721116,55.14736,25.086376,1,2,1
550000,90.11591,55.069311,24.948068,2,3,1
2600000,196.861457,55.28205,25.211032,3,4,0
700000,85.00624499999999,55.148929,25.089463,1,2,1
1100000,79.432065,55.28246800000001,25.200159,1,2,1
699999,86.306887,55.146035,25.077009,1,2,1
1900000,90.580425,55.14668100000001,25.087147,1,2,1
900000,101.542979,55.172975,25.09243,2,2,1
2949999,214.513027,55.34511,25.20573,3,5,1
980000,100.33524,55.138863,25.081955,1,2,1
350000,40.598611,55.198896,25.049301,0,1,1
2500000,226.590417,55.136122,25.114513,3,3,1
34314000,889.639128,55.168509,25.10355,4,5,1
3050000,171.963453,55.270983,25.201718,3,3,1
1650000,102.657815,55.280662,25.203035,2,2,1
850000,69.491444,55.17331,25.088728,1,2,1
3350000,280.288351,55.31296700000001,25.099422,2,3,0
1749510,148.830606,55.254015,25.116799,3,4,1
1100000,89.651395,55.281666,25.190874,1,2,0
1950000,125.14034099999999,55.141711,25.081421,2,3,1
815000,72.371437,55.136283,25.07851,1,2,1
849000,70.048862,55.171838,25.088533,1,1,1
2120000,136.102895,55.143556,25.108522,2,3,1
1750000,130.0642,55.27216899999999,25.192132,2,2,0
808255,60.201144,55.250357,25.113521,1,1,1
2300000,158.213809,55.128089,25.072954,2,2,0
1675000,216.092378,55.146775,25.07696,4,4,2
1373000,177.351827,55.146775,25.07696,3,3,2
1980000,158.213809,55.25277,25.240419,2,3,0
2200000,158.771227,55.137575,25.110559,2,3,1
1850000,125.14034099999999,55.142441000000005,25.082004,2,3,1
1500000,176.794409,55.139147,25.08058,3,3,2
1055093,110.647473,55.140434,25.02462,2,3,1
568801,69.67725,55.140434,25.02462,1,2,1
2650000,197.604681,55.244923,25.107984,3,5,1
540000,33.073468,55.339287,25.103784,0,1,1
1253686,69.398541,55.308533,25.177819,2,2,1
4400000,186.270515,55.111349,25.106964,3,2,0
1000000,77.388199,55.27389599999999,25.191404,1,2,1
550000,58.993405,55.25475600000001,25.022371,0,1,0
675000,97.826859,55.243608,25.044961,1,2,0
1050000,70.699183,55.136283,25.07851,1,2,1
380000,86.306887,55.367882,25.113747,1,2,1
1225000,81.475931,55.277978,25.207533,1,2,0
1720000,179.209887,55.133627,25.076319,3,4,1
1700000,117.522295,55.273333,25.191544,2,2,0
1230000,103.679748,55.12171800000001,25.09858,1,2,1
739000,86.213984,55.14935,25.022618,2,2,1
2800000,272.949014,55.285118,25.223728,3,3,1
1350000,161.744123,55.149224,25.087926,2,3,1
850000,109.997152,55.138246,25.065886,1,2,0
2300000,149.57383,55.128089,25.072954,2,3,0
1445888,61.873398,55.271797,25.195483,1,2,1
1286000,91.602358,55.267193000000006,25.01936,2,2,1
999950,85.656566,55.142183,25.082591,1,2,0
320000,50.910844,55.150016,25.03335,0,1,0
1849000,278.987709,55.133627,25.076319,3,3,1
1450000,78.781744,55.136286,25.072375,1,1,0
790000,126.162274,55.246714,25.046706,2,3,1
500000,87.607529,55.392352,25.11848,2,2,1
830000,80.918513,55.209391,25.060106,1,2,1
1640000,157.284779,55.142039,25.084397,2,3,1
475000,107.488771,55.253035,25.007476,1,1,1
3200000,169.269266,55.147768000000006,25.086575,3,5,0
699000,72.650146,55.203423,25.054336,1,2,1
610000,69.305638,55.206373,25.048095,1,2,1
610500,79.060453,55.206373,25.048095,1,2,3
600205,74.786915,55.206373,25.048095,1,2,3
610500,75.623042,55.206373,25.048095,1,2,3
1700000,185.527291,55.143412,25.111088,2,2,1
610503,75.715945,55.206373,25.048095,1,2,3
1275000,128.299043,55.13154,25.073146,2,2,1
1295000,68.469511,55.143557,25.108523,1,2,1
3300000,256.040668,55.149287,25.085305,3,5,0
1300000,101.450076,55.274545,25.191527,1,2,0
900502,105.630711,55.206373,25.048095,2,3,3
901345,106.559741,55.206373,25.048095,2,3,3
525000,89.930104,55.137291000000005,25.044519,1,1,0
3489900,175.400864,55.274196,25.197316,2,3,1
760000,65.868227,55.142183,25.082591,1,1,1
700000,68.376608,55.147796,25.089393,1,2,1
1675000,162.208638,55.138654,25.116329,2,2,1
625000,85.099148,55.148929,25.089463,1,2,1
1390000,181.532462,55.13609,25.113366,2,3,1
1700000,106.095226,55.152689,25.107005,1,1,0
1400000,82.312058,55.280912,25.200926000000003,1,1,1
3600000,294.688316,55.147796,25.089393,4,5,1
1434000,70.420474,55.25277,25.240419,1,2,0
1200000,69.212735,55.139276,25.0967,1,2,0
1795000,113.34166,55.25277,25.240419,2,3,1
2444888,98.848792,55.271797,25.195483,2,3,1
2650000,111.297794,55.134135,25.076944,2,3,0
3750000,182.833104,55.135003000000005,25.082647,3,5,0
2399999,109.62554,55.135003000000005,25.082647,2,3,0
1700000,120.959706,55.142441000000005,25.082004,2,3,0
1550000,110.368764,55.146759,25.088431,2,3,1
1775000,131.92226,55.27389599999999,25.191404,2,2,1
2450000,237.088456,55.14925,25.084336,3,5,1
12000000,291.901226,55.235827,25.215192,3,5,1
624888,33.44508,55.138630000000006,25.112237,0,1,1
560000,64.195973,55.144318000000005,25.080444,1,2,1
992888,66.239839,55.138630000000006,25.112237,1,2,1
1234000,70.048862,55.25277,25.240419,1,2,0
1300000,101.171367,55.34555400000001,25.203553,2,3,1
1150000,89.651395,55.265094,25.023506,2,3,0
1400000,134.70935,55.17331,25.088728,2,2,2
1690000,121.238415,55.170481,25.089719,2,3,1
1050000,150.50286,55.207168,25.053988,1,1,1
1500000,154.683495,55.166634,25.093596,3,2,1
2892000,251.209712,55.441623,25.227337,4,5,1
1688000,146.879643,55.441623,25.227337,3,4,1
1399000,122.724863,55.441623,25.227337,2,3,1
3750000,126.533886,55.282343,25.194761,2,3,1
1574950,70.141765,55.14736,25.086376,1,2,1
412000,34.838625,55.203423,25.054336,0,1,2
999000,116.035847,55.203423,25.054336,2,3,2
2445000,143.99965,55.143347,25.112604,2,3,1
1700000,111.4836,55.25277,25.240419,2,3,0
4294888,151.989308,55.271797,25.195483,3,4,1
2975000,157.377682,55.149287,25.085305,2,2,2
2600000,185.248582,55.144174,25.111943,2,4,0
1450000,102.1933,55.15370600000001,25.126034,1,2,1
1400206,112.877145,55.201813,25.046403,2,3,2
3299950,262.45097499999997,55.172519,25.087547,3,3,2
1395000,181.439559,55.13609,25.113366,2,2,0
1380888,69.212735,55.141275,25.09938,1,1,1
1275000,175.215058,55.14684499999999,25.107086,2,2,0
1300000,85.192051,55.280919,25.19331,1,2,1
1350000,189.986635,55.206373,25.048095,3,4,3
3000000,179.488596,55.345142,25.206345,3,4,1
1490000,77.852714,55.14736,25.086376,1,2,1
612870,64.567585,55.207733,25.051513,1,2,3
2250000,202.714346,55.144174,25.111943,3,3,1
1350000,171.87055,55.13786999999999,25.080162,3,4,1
1575000,71.999825,55.14736,25.086376,1,2,0
639777,75.901751,55.206373,25.048095,1,2,3
627777,69.67725,55.206373,25.048095,1,2,3
620000,69.119832,55.206373,25.048095,1,2,3
706000,71.256601,55.207733,25.051513,1,2,3
993999,108.046189,55.207733,25.051513,2,3,3
670000,81.75464,55.212972,25.051528,1,2,3
914000,111.111988,55.212972,25.051528,2,3,3
1113000,136.102895,55.212972,25.051528,2,3,3
1131000,144.742874,55.212972,25.051528,2,3,3
635000,64.288876,55.200783,25.046296,1,2,3
941000,122.260348,55.200783,25.046296,2,3,3
1080000,132.015163,55.200783,25.046296,2,3,3
4222888,182.833104,55.141275,25.09938,3,4,0
1737000,112.691339,55.25277,25.240419,2,3,1
1200000,120.309385,55.135515000000005,25.07715,2,3,0
1450000,123.468087,55.147796,25.089393,2,3,1
3400000,179.395693,55.34505600000001,25.2065,3,4,0
525000,62.709525,55.14416800000001,25.069779,1,1,1
1259999,147.065449,55.147521,25.10798,2,4,1
425000,51.932777,55.255442,25.021049,0,1,1
1550000,112.133921,55.150381,25.090136,2,3,1
790000,113.248757,55.148208,25.088606,2,2,0
1020000,121.424221,55.175161,25.10004,2,2,1
954505,121.888736,55.200783,25.046296,2,3,3
999999,77.852714,55.27389599999999,25.191404,1,2,0
1750000,192.30921,55.170078,25.095179,3,3,0
1475000,72.650146,55.271797,25.195483,1,2,1
3380000,176.608603,55.135003000000005,25.082647,3,4,0
1801000,74.3224,55.14668100000001,25.087147,1,2,2
1270000,142.884814,55.20955,25.04866,3,4,3
635356,58.435987,55.200783,25.046296,1,2,3
1220000,119.008743,55.173061,25.093469,2,2,0
999905,118.079713,55.136879,25.071356,2,3,1
1700000,138.704179,55.244923,25.107984,2,2,0
550000,79.89658,55.220697,25.039066,1,2,1
1550000,178.559566,55.139802,25.081265,3,4,1
3600000,235.509105,55.109525,25.112725,3,4,1
620000,61.873398,55.203684,25.066791,1,2,1
1110000,130.807424,55.169499,25.095723,2,2,0
1399999,121.238415,55.129829,25.072791,2,2,1
799999,117.801004,55.212972,25.051528,1,2,1
275000,68.004996,55.418,25.161532,1,2,0
850000,83.6127,55.2121,25.051384,1,2,1
1850000,182.08988,55.247980000000005,25.109367,3,4,1
626999,75.530139,55.20955,25.04866,1,2,3
1269999,139.3545,55.20955,25.04866,3,4,3
1625000,143.99965,55.14480699999999,25.085322,2,3,1
8000000,240.340061,55.138714,25.083858,3,4,1
1450000,156.07704,55.148529,25.07887,2,3,0
950000,86.957208,55.277512,25.186457,1,2,1
245000,28.428318,55.390236,25.115934,0,1,0
699000,74.3224,55.243343,25.0633,1,1,1
1650000,161.093802,55.137581,25.116067,2,4,1
2150000,226.590417,55.136122,25.114513,3,4,1
850000,64.567585,55.35916700000001,25.194722,1,1,1
1490000,57.228248,55.14668100000001,25.087147,0,1,2
1492000,57.228248,55.14668100000001,25.087147,0,1,2
2599950,190.915665,55.144174,25.111943,2,3,1
1250000,60.665659,55.271797,25.195483,1,1,1
1300000,57.506957,55.271797,25.195483,1,1,1
600000,81.847543,55.37796,25.119354,1,1,1
626999,75.530139,55.20955,25.04866,1,2,3
2235000,182.647298,55.274427,25.189423,3,4,0
925000,133.687417,55.247353,25.046818,2,3,1
1400000,119.101646,55.159380000000006,25.077955,2,2,1
2099950,130.528715,55.133386,25.074439,2,3,0
2485000,156.820264,55.148688,25.083483,2,2,1
880000,80.361095,55.26991,25.191107,1,1,0
699000,71.999825,55.20598,25.037236,1,2,1
1280000,120.402288,55.247980000000005,25.109367,2,2,0
1680000,153.568659,55.146840000000005,25.083145,2,3,0
1750000,149.295121,55.248755,25.11576,3,4,0
2950000,209.03175,55.136449,25.111229,3,4,0
1350000,148.923509,55.144174,25.111943,2,1,0
870000,106.373935,55.198917,25.057022,1,2,1
1200000,76.830781,55.271023,25.19702,0,1,1
1900000,127.927431,55.136057,25.11087,1,2,1
2000000,88.25785,55.151574,25.132519,1,2,0
1000000,85.00624499999999,55.276951,25.186836,1,1,0
1690000,165.088631,55.13609,25.113366,2,2,1
789999,70.234668,55.136283,25.07851,1,1,0
4100000,226.68332,55.277978,25.207533,2,3,1
999999,77.666908,55.271959,25.19079,1,2,1
1275000,119.101646,55.270168000000005,25.19752,2,3,0
2900000,241.826509,55.112014,25.123294,3,4,1
8950000,261.336139,55.273465,25.190443,4,5,1
1600000,228.076865,55.146464,25.087979,2,4,0
2587000,112.505533,55.14736,25.086376,2,2,2
914888,85.099148,55.289787,25.01057,2,3,0
610577,71.628213,55.206373,25.048095,1,1,1
500000,79.98948299999999,55.137291000000005,25.044519,1,2,0
14570000,300.634108,55.168509,25.10355,3,4,1
948307,73.579176,55.311826,25.176965,1,2,1
1890000,118.637131,55.147768000000006,25.086575,2,2,1
1250000,195.09629999999999,55.16421999999999,25.006838,2,2,1
3750000,211.725937,55.135714,25.110525,3,3,1
3200000,183.576328,55.270677,25.191719,3,3,1
650000,99.034598,55.247959,25.046667000000003,1,2,0
1398000,88.815268,55.260502,25.20532,1,2,1
1300000,191.658889,55.143825,25.074521,2,4,1
3950000,360.649446,55.146464,25.087979,3,6,0
1299999,134.70935,55.134763,25.078122,2,3,1
906888,103.12233,55.206373,25.048095,2,3,1
395000,40.598611,55.143728,25.071616,0,1,1
2500000,140.469336,55.14847,25.104115,1,2,2
5796888,172.892483,55.271449,25.195237,3,4,0
2900000,186.456321,55.25277,25.240419,3,4,0
1700000,111.4836,55.25277,25.240419,2,3,0
1250000,166.946691,55.149141,25.030322,3,4,0
745000,118.172616,55.200053,25.060394,1,1,0
3500000,167.2254,55.148449,25.104582,2,2,0
890000,70.048862,55.171838,25.088533,1,1,0
1000000,64.939197,55.138949,25.074286,1,2,1
1200000,223.710424,55.297034,25.00373,3,3,1
1700000,108.139092,55.344345,25.204135,2,3,1
2800000,149.295121,55.280912,25.200926000000003,3,3,1
770000,74.97272099999999,55.142415,25.085047,1,2,0
1900000,165.553146,55.177657,25.108984,3,4,1
540000,35.024431,55.243556000000005,25.062083,0,1,1
4500000,330.177262,55.149869,25.090214000000003,3,5,0
1250000,89.837201,55.281314,25.192975,1,2,0
2400000,160.071869,55.142382,25.108728,2,3,0
1350000,82.776573,55.260565,25.184884,2,3,1
3800000,226.404611,55.28205,25.211032,3,3,1
2650000,134.616447,55.276331000000006,25.200879,2,3,1
4700000,202.900152,55.276331000000006,25.200879,3,5,2
325000,51.468262,55.205122,25.048001,0,1,1
820845,45.801179,55.308533,25.177819,1,1,0
1785000,222.781394,55.170272,25.096219,4,3,0
1399000,114.921011,55.171022,25.089515,2,2,0
390000,73.39337,55.37796,25.119354,1,1,1
1540000,59.45792,55.126527,25.072569,1,2,1
1483350,83.519797,55.308533,25.177819,2,2,0
1550000,102.657815,55.139802,25.081265,1,2,1
689999,98.848792,55.297034,25.00373,2,2,1
425000,47.38053,55.200832,25.049808,0,1,0
2450000,109.718443,55.126527,25.072569,2,3,0
16200000,371.612,55.26667,25.183515,2,2,0
2700000,255.018735,55.31296700000001,25.099422,2,3,0
740000,67.354675,55.365799,25.195295,1,1,1
675000,82.033349,55.283111,25.01551,2,2,1
1650000,126.719692,55.171838,25.088533,2,2,0
1900000,81.75464,55.271342,25.198796,1,1,0
550000,116.686168,55.201959,25.03439,2,2,0
950000,91.04494,55.148529,25.07887,1,2,0
1100000,133.873223,55.171237,25.094713,2,2,1
2100000,155.891234,55.277512,25.186457,2,3,0
2290000,133.966126,55.280919,25.19331,2,3,0
1110200,65.0321,55.309922,25.176686,1,2,1
1699000,175.58667,55.136449,25.111229,1,2,1
700000,66.239839,55.271015000000006,25.180869,0,1,1
490000,63.17404,55.291467,25.010196,1,1,0
808000,124.49002,55.290055,25.010066,3,3,2
4996000,150.595763,55.151574,25.132519,2,3,1
16500000,453.08793099999997,55.152216,25.132445,3,4,1
650000,84.263021,55.245835,25.045763,1,2,0
4000000,189.057605,55.15864200000001,25.078492,3,4,1
590000,61.873398,55.134775,25.069473,1,1,0
4500000,118.079713,55.276331000000006,25.200879,2,3,1
2100000,115.385526,55.279641000000005,25.187855,2,3,1
1950000,130.0642,55.27216899999999,25.192132,2,3,1
650000,73.857885,55.154686,25.027786,1,2,2
2300000,136.56741,55.280919,25.19331,2,3,1
1110888,62.152107,55.292343,25.184483,0,1,1
2000000,147.901576,55.344345,25.204135,3,4,1
1300000,126.905498,55.178082,25.110967,2,2,0
675000,84.263021,55.245835,25.045763,1,1,0
1125000,78.410132,55.244923,25.107984,1,1,0
3499900,221.016237,55.275202,25.191285,3,3,1
3378000,140.840948,55.14668100000001,25.087147,2,3,2
4202898,163.880892,55.341761,25.227295,2,3,0
1000000,65.682421,55.343628,25.226946,1,1,0
749000,52.118583,55.343628,25.226946,0,1,0
4300000,212.654967,55.341761,25.227295,3,4,0
3650000,176.422797,55.126352,25.07359,3,4,1
677250,37.811521,55.246463,25.018888,0,1,1
982800,54.905673,55.246463,25.018888,1,1,1
950000,129.042267,55.138246,25.065886,1,1,1
936000,72.46433999999999,55.441623,25.22724,1,2,1
825888,69.212735,55.207712,25.051448,1,2,0
835000,82.68367,55.204243000000005,25.049772,1,2,1
1500000,145.021583,55.141025,25.069929,3,3,0
425000,56.577927,55.199936,25.051302,0,1,1
1349000,178.466663,55.218272,25.038978,3,4,1
980000,101.171367,55.2121,25.051384,2,3,1
4600000,248.794234,55.263127,25.204058,3,4,1
615000,72.092728,55.206417,25.029767,1,2,1
1770000,150.967375,55.277512,25.186457,2,3,1
1512888,56.392121,55.271797,25.195483,1,2,1
1195000,85.377857,55.276396,25.188671,1,2,0
1600000,111.669406,55.280662,25.203035,2,3,0
1399999,191.658889,55.143825,25.074521,2,3,1
400000,40.598611,55.212062,25.065988,0,1,1
649888,29.171542,55.138635,25.112193,0,1,1
2750000,140.28353,55.12067,25.079276,2,3,1
1300000,117.893907,55.16822,25.092075,2,2,1
1200000,139.633209,55.148929,25.089463,3,3,0
475000,44.872149,55.212062,25.065988,1,2,1
1825000,202.714346,55.367945,25.218977,3,3,1
1550000,59.365017,55.126527,25.072569,1,2,0
2320000,107.76748,55.135003000000005,25.082647,1,2,1
1425000,157.00607,55.151252,25.080238,2,2,1
4500000,235.04459,55.269309,25.191634,3,4,1
3200000,348.943668,55.140209,25.069852,4,4,0
3050000,181.904074,55.147768000000006,25.086575,3,5,0
850000,138.611276,55.212062,25.065988,2,3,1
16950000,455.875021,55.289173,25.188556,3,2,2
1300000,88.25785,55.145574,25.087251,1,2,1
1650000,115.292623,55.273196,25.189617,2,3,1
1650000,123.096475,55.273196,25.189617,2,3,1
2300000,163.044765,55.273196,25.189617,3,4,1
850000,70.60628,55.134233,25.077072,0,1,1
4949999,224.82526,55.260897,25.202965,3,4,0
1000000,85.00624499999999,55.276951,25.186836,1,1,1
2800000,140.004821,55.270983,25.201718,2,3,0
1200000,111.576503,55.177657,25.108984,2,3,0
1350000,202.900152,55.198917,25.057022,2,2,1
690000,79.153356,55.140241,25.065571,1,2,1
1423000,71.721116,55.188957,25.137409,1,1,0
1590000,110.740376,55.150381,25.090136,2,2,1
750000,82.68367,55.14874,25.090418,1,2,1
1400000,138.146761,55.281004,25.18984,2,3,0
7900000,221.573655,55.271884,25.194282,3,4,1
425000,61.780495,55.228215000000006,24.942372,1,1,1
2325000,124.304214,55.281487,25.192871,2,3,1
2700000,153.197047,55.27305500000001,25.190262,2,3,0
3195000,233.558142,55.148688,25.083483,3,4,1
1100000,120.216482,55.169499,25.095723,2,2,1
1300000,175.215058,55.14684499999999,25.107086,2,3,1
3199999,182.926007,55.270677,25.191719,3,3,1
530000,65.0321,55.156274,25.026312,1,1,1
3600000,161.558317,55.148162,25.105166,2,3,1
330000,58.900502,55.370649,25.101565,1,1,1
3600000,190.45115,55.13684,25.076576,3,4,0
500000,49.424396,55.146035,25.077009,0,2,1
2000000,122.074542,55.145574,25.087251,2,3,1
3110000,143.99965,55.26884,25.195542,3,3,0
1240000,73.39337,55.153066,25.125477,1,1,0
888000,66.239839,55.138949,25.074286,1,2,0
1300000,90.487522,55.27839399999999,25.187129,1,2,1
3615000,140.748045,55.13193100000001,25.0799,2,2,0
970000,63.638555,55.26667,25.183515,1,2,1
2175000,121.888736,55.14736,25.086376,2,3,1
350000,66.425645,55.365680000000005,25.111535,1,1,1
500000,115.10681699999999,55.365680000000005,25.111535,2,3,1
1300000,138.797082,55.295714,25.150828,2,2,1
750000,93.553321,55.271015000000006,25.180869,1,2,2
4499000,150.50286,55.235827,25.215192,1,2,1
1483888,56.763733,55.271797,25.195483,1,2,1
570000,83.6127,55.137728,25.063302,1,2,0
1390000,107.953286,55.280473,25.201842000000003,2,3,1
1650000,176.5157,55.148385,25.087042,3,4,1
2900000,287.07027,55.135006,25.07662,3,5,1
1595000,127.834528,55.145205,25.086726,2,3,0
1100000,87.32882,55.269696,25.19719,1,2,0
900000,91.881067,55.247980000000005,25.109367,1,2,1
325000,59.829532,55.389588,25.117158,0,1,1
1700000,150.131248,55.294217,25.233787,2,2,1
580000,105.630711,55.220697,25.039066,1,2,1
3450000,167.2254,55.148162,25.105166,2,3,0
1700000,182.647298,55.151503000000005,25.079501,2,2,1
1855000,133.873223,55.345967,25.20863,3,3,1
999999,77.852714,55.27389599999999,25.191404,1,1,1
6474000,318.192775,55.25277,25.240419,4,5,0
1266000,66.146936,55.138635,25.112193,1,2,1
1999995,260.1284,55.150625,25.089833,3,4,1
650000,98.848792,55.291467,25.010196,2,2,1
1100000,133.873223,55.171259,25.09516,2,2,0
1825000,124.118408,55.271342,25.198796,2,3,1
750000,167.782818,55.365680000000005,25.111535,3,3,2
1950000,112.877145,55.2758,25.171461,2,3,2
18614888,500.096849,55.272126,25.196489,4,6,1
2063888,100.149434,55.28019499999999,25.191642,2,2,0
2060888,100.05653099999999,55.28019499999999,25.191642,2,2,0
1926888,94.389448,55.28019499999999,25.191642,2,2,0
1979888,97.269441,55.28019499999999,25.191642,2,2,0
2079888,94.389448,55.28019499999999,25.191642,2,2,0
1300000,82.776573,55.134432,25.075284,1,2,1
399950,39.112163,55.285212,25.145146,0,1,1
1245888,90.859134,55.34911,25.201227,2,2,1
2547000,130.157103,55.134126,25.079895,2,3,1
1400000,123.932602,55.137779,25.074167000000003,2,2,2
414000,41.80635,55.200783,25.046296,0,1,2
935000,125.41905,55.200783,25.046296,2,3,2
1286000,139.3545,55.20458000000001,25.056225,3,4,2
940000,102.1933,55.20458000000001,25.056225,2,3,2
1398000,148.6448,55.207733,25.051513,3,4,2
625000,69.67725,55.207733,25.051513,1,2,2
679000,38.09023,55.283141,25.188065,1,1,1
2930000,140.469336,55.12067,25.079276,2,3,0
35000000,682.465438,55.168509,25.10355,4,5,0
425000,49.424396,55.152381000000005,25.080143,0,1,0
620000,74.3224,55.20955,25.04866,1,2,2
1175000,148.6448,55.20955,25.04866,3,4,2
759000,83.6127,55.20955,25.04866,2,3,2
2585000,190.915665,55.144174,25.111943,2,1,1
1325000,117.42939199999999,55.244923,25.107984,2,2,1
510000,86.957208,55.39684499999999,25.119491,2,3,0
1220000,111.762309,55.209391,25.060106,2,3,1
850000,133.966126,55.246714,25.046706,2,2,0
1250000,76.923684,55.158801,25.078353,1,2,0
3000000,171.034423,55.270758,25.198316,3,5,1
1390000,66.611451,55.273056,25.190267,1,1,1
2200000,166.110564,55.137997,25.075017000000003,3,4,0
656000,67.540481,55.200762,25.046383,1,2,0
2990000,162.208638,55.145574,25.087251,3,4,1
1000000,174.65764,55.242224,25.045763,2,2,0
443000,39.297969,55.200697,25.046296,0,1,0
2600000,137.49644,55.344741000000006,25.207227,3,4,2
2110000,71.163698,55.135003000000005,25.082647,1,2,1
1880000,74.97272099999999,55.135003000000005,25.082647,1,2,1
1600000,137.217731,55.16954200000001,25.090953,2,2,1
2300000,125.41905,55.270677,25.191719,2,2,1
1123000,87.32882,55.291718,25.186023,1,1,0
5700000,375.51392599999997,55.278772,25.212018,4,5,1
600000,92.903,55.246264,25.046409,1,2,0
1650000,172.892483,55.149287,25.085305,2,2,1
1095000,113.806175,55.144318000000005,25.080444,2,2,2
950000,129.042267,55.138246,25.065886,1,2,0
1120000,121.238415,55.174096,25.090455,2,2,1
1300000,70.699183,55.168784,25.096545000000003,1,1,1
2250000,207.45239899999999,55.16822,25.092075,3,4,1
1200000,81.475931,55.277978,25.207533,1,2,1
1350000,126.440983,55.247980000000005,25.109367,2,2,0
615000,76.366266,55.20598,25.037236,1,2,1
1900000,142.884814,55.270677,25.191719,2,3,1
1695000,124.304214,55.136798,25.111433,1,2,1
500000,70.699183,55.148208,25.088606,1,2,0
1200000,83.148185,55.132694,25.074307,1,2,1
1650000,103.029427,55.128758,25.06873,2,3,1
3799900,146.78674,55.282429,25.194547,2,2,0
2250000,206.151757,55.2727,25.193656,2,3,0
1200000,78.96755,55.280919,25.19331,1,2,0
3990000,218.507856,55.147768000000006,25.086575,4,4,0
1895000,182.833104,55.247980000000005,25.109367,3,4,1
950000,86.957208,55.141261,25.081634,1,2,0
1288888,68.934026,55.2758,25.171461,1,2,0
1288888,68.934026,55.2758,25.171461,1,2,0
1288888,68.934026,55.2758,25.171461,1,2,1
4900000,248.794234,55.277061,25.193542,3,5,0
5045846,161.65122,55.15451,25.126233,2,2,1
1780000,76.366266,55.276331000000006,25.200879,1,2,1
350000,35.117334,55.156948,25.026191,0,1,1
2100000,182.926007,55.247980000000005,25.109367,3,3,1
615000,76.366266,55.20598,25.037236,1,2,1
2395000,174.193125,55.136939,25.077213,3,3,1
654000,57.971472,55.146948,25.081576,1,1,0
1599999,109.62554,55.146759,25.088431,2,2,1
600000,49.23859,55.28406,25.187662,0,1,2
3000000,162.208638,55.145574,25.087251,3,4,0
1250000,87.51462599999999,55.28205,25.211032,1,2,1
624888,29.821863,55.138103,25.111902,0,1,2
1950000,209.589168,55.367945,25.218977,3,4,1
2702000,96.061702,55.151405,25.132021,1,2,1
4610000,166.203467,55.126352,25.07359,2,3,1
1980000,65.496615,55.126352,25.07359,1,2,1
5800000,240.61877,55.126352,25.07359,4,5,1
3650000,182.74020099999998,55.126352,25.07359,2,3,1
1300000,124.768729,55.168887,25.093319,2,2,2
1600000,160.815093,55.136014,25.079453,2,3,1
2140000,71.163698,55.126352,25.07359,1,2,1
3300000,209.03175,55.137575,25.110559,3,3,0
1550000,96.61912,55.284974,25.193806,1,2,1
2250000,128.020334,55.274196,25.197316,1,2,2
888888,75.25143,55.27969,25.192054,1,1,1
399000,35.30314,55.15669499999999,25.027786,0,1,2
815000,79.617871,55.171744,25.090661,1,1,1
5750000,239.132322,55.138714,25.083858,3,4,1
1175000,101.078464,55.277512,25.186457,1,2,1
1049950,116.871974,55.147627,25.087751,2,2,1
1650000,147.62286699999999,55.142546,25.111681,2,2,1
1359000,91.97397,55.294217,25.233787,1,2,1
1600000,102.657815,55.280473,25.201842000000003,2,3,0
1650000,160.257675,55.26991,25.191107,2,3,0
2950000,240.61877,55.14925,25.084336,4,5,1
1700000,144.92867999999999,55.277919,25.186913,2,3,1
1500000,234.85878399999999,55.166634,25.093596,3,3,1
595000,56.949539,55.137461,25.072316,1,2,1
1075000,158.213809,55.295016,25.158106,2,2,0
695000,136.939022,55.214303,25.057252,2,3,0
1200000,119.473258,55.135515000000005,25.07715,2,2,0
1120000,119.473258,55.174096,25.090455,2,2,0
950000,71.906922,55.270168000000005,25.19752,1,2,0
1761627,94.575254,55.2758,25.171461,1,1,1
828241,62.24501,55.311826,25.176965,1,2,1
1439112,104.887487,55.311826,25.176965,2,3,1
1650000,114.084884,55.311826,25.176965,2,3,1
3499000,534.842571,55.141933,25.079385,4,5,1
1350000,130.0642,55.13154,25.073146,2,3,1
1999950,174.193125,55.146735,25.082518,2,3,1
1225000,157.9351,55.15463199999999,25.027686,3,4,1
750000,122.724863,55.201659,25.059555,2,3,1
3950000,243.498763,55.275199,25.206412,3,3,1
3700000,141.026754,55.282343,25.194761,2,3,1
15873000,500.096849,55.272126,25.196489,4,5,2
1050000,79.89658,55.271002,25.196398,1,2,1
1450000,111.297794,55.271023,25.19702,2,3,1
603000,92.624291,55.20790699999999,25.056706,1,2,1
5399990,240.61877,55.135003000000005,25.082647,4,4,1
2300000,109.62554,55.135003000000005,25.082647,2,3,1
1599999,137.310634,55.16954200000001,25.090953,2,2,0
1235251,79.246259,55.305441,25.17299,2,2,1
590000,70.420474,55.174064,25.091283,1,1,2
1599900,134.70935,55.278912,25.187093,2,3,1
460000,75.158527,55.247508,25.045243,0,1,1
700000,70.513377,55.139829000000006,25.067019,1,2,1
699503,79.153356,55.21335,25.050227,1,2,3
1199789,129.320976,55.21335,25.050227,3,4,3
620502,79.060453,55.20955,25.04866,1,2,3
759502,78.781744,55.20955,25.04866,2,3,3
1204504,169.08346,55.20955,25.04866,3,4,3
661300,62.988234,55.200783,25.046296,1,2,3
954206,121.888736,55.200783,25.046296,2,3,3
995786,147.901576,55.212972,25.051528,2,3,3
1045734,147.901576,55.212972,25.051528,2,3,2
670728,67.633384,55.202273,25.060439,1,2,1
1800000,71.999825,55.14736,25.086376,1,2,1
2050000,137.49644,55.141977,25.081622,2,3,1
439205,37.254103,55.200783,25.046296,0,1,1
660606,62.988234,55.200783,25.046296,1,2,3
619490,79.060453,55.20955,25.04866,1,2,3
692503,69.770153,55.21335,25.050227,1,2,3
660600,62.709525,55.200783,25.046296,1,2,3
954502,121.795833,55.200783,25.046296,2,3,3
630205,80.82561,55.212972,25.051528,1,2,3
990876,147.901576,55.212972,25.051528,2,3,3
670728,67.633384,55.202273,25.060439,1,2,1
620720,74.601109,55.20955,25.04866,1,2,1
759081,92.717194,55.20955,25.04866,2,3,3
2200000,183.297619,55.144879,25.084418,3,2,1
1019000,85.00624499999999,55.276951,25.186836,1,1,1
1050000,77.852714,55.272402,25.19045,1,2,1
1199000,78.781744,55.145574,25.087251,1,2,1
2000000,135.545477,55.15794,25.078859,2,3,1
1450000,77.852714,55.14736,25.086376,1,2,1
1800000,145.579001,55.34505600000001,25.2065,2,3,1
848950,69.67725,55.171838,25.088533,1,1,1
992888,59.179211,55.138103,25.111902,1,1,1
525000,30.657989999999998,55.306951,25.172418,0,1,1
750000,56.392121,55.343628,25.226946,0,1,0
280000,35.953461,55.20663,25.053111,0,1,0
1650000,185.806,55.145799,25.109267000000003,3,4,1
1975000,128.763558,55.147768000000006,25.086575,2,3,1
1900000,128.763558,55.147768000000006,25.086575,2,3,1
759502,88.815268,55.20955,25.04866,2,3,3
661205,62.337913,55.200783,25.046296,1,2,3
965789,121.981639,55.200783,25.046296,2,3,3
630503,69.770153,55.212972,25.051528,1,2,3
990598,132.386775,55.212972,25.051528,2,3,3
4365888,158.771227,55.268641,25.195236,3,3,1
1250000,142.60610499999999,55.288017,25.145181,2,2,1
3499999,211.911743,55.141387,25.116492,3,4,1
1750000,95.132672,55.277077,25.195098,1,2,0
1900000,133.966126,55.277061,25.193542,1,2,0
1800000,201.042092,55.142559,25.078967,3,2,1
3000000,191.008568,55.274196,25.197316,2,4,1
2199950,140.28353,55.282665,25.194935,2,3,1
620504,76.18046,55.20955,25.04866,1,2,3
759503,90.859134,55.20955,25.04866,2,3,3
954503,122.074542,55.200783,25.046296,2,3,3
630504,66.704354,55.212972,25.051528,1,2,3
950504,131.457745,55.212972,25.051528,2,3,3
1650000,135.173865,55.278912,25.187093,2,3,0
610000,69.305638,55.206373,25.048095,1,2,3
929999,101.542979,55.20955,25.04866,2,3,3
626999,88.25785,55.20955,25.04866,1,2,3
1900000,130.0642,55.271342,25.198796,2,3,1
1250000,231.32847,55.206373,25.048095,3,4,3
440500,48.30956,55.21335,25.050227,0,1,3
620503,77.574005,55.20955,25.04866,1,2,3
1190502,138.611276,55.20955,25.04866,3,4,3
850000,54.998576,55.12856899999999,25.069259,1,1,0
661615,64.288876,55.200783,25.046296,1,2,1
954366,122.260348,55.200783,25.046296,2,3,3
895000,91.230746,55.138325,25.073185,2,2,0
766000,43.478604,55.283015,25.187004,1,2,3
619502,79.060453,55.20955,25.04866,1,2,3
2750000,203.922085,55.244923,25.107984,3,2,1
1200000,100.799755,55.244958,25.020437,2,3,0
440000,40.87732,55.173463,25.091939,0,1,1
2050906,342.626264,55.214103,25.064662,4,5,1
1400000,69.67725,55.139276,25.0967,1,2,1
2450000,111.4836,55.139276,25.0967,2,3,1
1175000,69.212735,55.141275,25.09938,1,2,1
1500000,119.101646,55.159380000000006,25.077955,2,2,1
731000,86.678499,55.398989,25.167982,2,2,1
1500000,89.930104,55.145574,25.087251,1,2,0
2500000,113.620369,55.14847,25.104115,1,2,1
700000,77.016587,55.138353,25.067476,1,1,0
1200000,59.272114,55.135003000000005,25.082647,1,1,0
14560000,300.448302,55.138932,25.113208,3,4,1
2150000,93.460418,55.144753,25.08333,2,2,1
3100000,185.341485,55.270677,25.191719,3,5,1
1390000,164.902825,55.141064,25.083121,3,3,1
1350000,174.843446,55.14066,25.082397,3,4,2
1900000,99.127501,55.138542,25.074958,2,2,1
1130000,113.899078,55.138122,25.078613,2,2,1
468999,111.948115,55.246629000000006,25.003373,1,1,0
503000,70.420474,55.250658,25.004319,1,2,0
308999,45.894082,55.249599,25.005973,0,1,0
599900,77.016587,55.2121,25.051384,1,2,0
2100000,154.497689,55.150381,25.090136,2,3,1
1300000,179.488596,55.243608,25.044961,3,4,1
2249888,102.472009,55.274196,25.197316,1,2,2
3999888,152.268017,55.274196,25.197316,2,3,2
290000,40.598611,55.223732,24.934402,0,1,1
1000000,67.354675,55.128814,25.068933,1,2,1
550000,81.940446,55.223732,24.934402,1,2,1
400000,47.937948,55.211718000000005,24.946417,0,1,1
700000,129.13517,55.362565,25.115211,2,3,0
5500000,141.305463,55.235827,25.215192,1,2,1
2400000,97.455247,55.270189,25.201204,1,2,2
748888,39.669581,55.2699,25.187683,0,1,1
1400000,87.607529,55.260897,25.202965,1,2,1
2200000,214.977542,55.14512,25.081243,3,4,2
1650000,166.575079,55.14041,25.078367,2,3,1
725000,88.25785,55.14935,25.022618,2,3,1
900000,171.406035,55.246843000000005,25.045501,2,2,0
950000,111.297794,55.147627,25.087751,2,2,0
2000000,156.07704,55.173227,25.086886,3,4,0
1600000,107.953286,55.345908,25.209767000000003,2,3,2
1971905,133.873223,55.345967,25.20863,3,3,1
1600000,233.372336,55.209389,25.058746,2,3,1
1299999,83.241088,55.285778,25.185311,1,2,1
1525000,86.771402,55.277388,25.190044,1,2,1
2800000,220.18010999999998,55.2861,25.185772,3,4,1
1095000,120.309385,55.169499,25.095723,2,2,1
720000,54.255352,55.26667,25.183515,0,1,1
1300000,78.96755,55.171065000000006,25.088903,1,1,0
2700000,191.008568,55.274196,25.197316,2,4,0
3500000,330.920486,55.140297,25.078491,3,5,0
1280000,111.4836,55.247980000000005,25.109367,2,2,1
1600000,130.807424,55.16954200000001,25.090953,2,1,0
725000,75.623042,55.198896,25.049301,1,2,0
1305000,124.304214,55.139829000000006,25.067019,2,3,1
1675000,127.834528,55.145205,25.086726,2,3,0
1400000,130.250006,55.13821899999999,25.080327,2,3,1
1550000,78.410132,55.270758,25.198316,1,2,1
493314,38.833454,55.245729,25.07001,0,1,1
2100000,133.129999,55.277061,25.193542,2,3,1
1750000,151.896405,55.278947,25.187622,2,3,0
1875000,93.646224,55.151574,25.132519,1,2,1
400000,27.499288,55.175364,25.096869,0,1,0
1350000,153.28995,55.151503000000005,25.079501,2,3,1
795000,54.998576,55.128758,25.06873,1,1,1
1450000,126.533886,55.247980000000005,25.109367,2,3,1
1150000,120.7739,55.14874,25.090418,2,3,1
849000,70.141765,55.171838,25.088533,1,1,1
555000,63.17404,55.207037,25.048292,1,2,1
2400000,134.988059,55.270758,25.198316,2,3,1
8924888,421.315105,55.26942,25.195039,4,5,1
4100000,166.29637,55.271342,25.198796,3,4,1
1550000,127.64872199999999,55.135515000000005,25.07715,2,3,1
2000000,134.059029,55.270677,25.191719,2,3,1
1750000,162.022832,55.289442,25.226577,2,3,1
2750000,273.041917,55.289442,25.226577,3,4,1
1300000,134.988059,55.289442,25.226577,1,2,0
4150000,322.001798,55.289442,25.226577,4,5,1
1250000,116.035847,55.289442,25.226577,2,2,1
3650000,133.315805,55.270758,25.198316,2,2,1
9900000,238.017486,55.27079200000001,25.201424,4,5,1
2425000,182.647298,55.276133,25.189236,3,4,1
1299000,120.7739,55.281666,25.190874,2,2,1
5499999,386.011965,55.289442,25.226577,4,5,0
1390000,123.468087,55.16954200000001,25.090953,2,2,0
620000,70.977892,55.245051,25.069327,1,2,0
1290000,185.155679,55.211204,25.06727,3,4,1
880000,69.770153,55.171838,25.088533,1,1,0
780000,37.254103,55.275543000000006,25.184351,0,1,1
1410888,69.305638,55.139276,25.0967,1,2,1
3500000,137.960955,55.268641,25.195236,3,3,1
1150000,74.415303,55.342824,25.208511,1,2,1
1550000,123.932602,55.16954200000001,25.090953,2,2,0
1350000,145.764807,55.255571,25.020894,2,3,1
680000,39.94829,55.170186,25.09072,0,1,1
697790,57.59986,55.245729,25.07001,1,2,0
950000,71.349504,55.135687,25.075974,1,1,1
1300000,99.963628,55.132694,25.074307,1,2,1
1850000,130.621618,55.270677,25.191719,2,3,1
860000,126.162274,55.246714,25.046706,2,3,0
2150000,158.957033,55.270983,25.201718,2,3,1
2000000,218.507856,55.131088,25.071448,2,2,0
1500000,106.002323,55.345908,25.209767000000003,2,3,1
2500000,168.804751,55.271342,25.198796,3,4,2
730000,87.886238,55.144174,25.073851,1,2,1
2800000,272.856111,55.289442,25.226577,3,4,1
1500000,176.701506,55.139147,25.08058,3,4,1
1471888,92.717194,55.24734,25.111805,2,2,0
1199999,126.440983,55.204243000000005,25.049772,2,3,1
1602000,125.326147,55.279295,25.180861,3,3,2
1200000,95.225575,55.278974,25.209806,1,2,0
2300000,173.635707,55.142615,25.115747,2,2,1
2225000,128.020334,55.274196,25.197316,1,2,1
2100000,178.095051,55.31296700000001,25.099422,1,1,0
2300000,177.909245,55.31296700000001,25.099422,2,2,0
2350000,171.684744,55.280919,25.19331,2,2,0
2000000,119.84487,55.145574,25.087251,2,3,1
2200000,138.146761,55.145574,25.087251,2,3,1
2499950,144.278359,55.133788,25.075454,2,3,1
1700000,164.43831,55.138654,25.116329,2,3,1
1949888,105.816517,55.14145500000001,25.099744,2,2,1
5796888,172.892483,55.271449,25.195237,3,4,1
1100000,121.052609,55.148293,25.105959,1,2,2
2450000,224.267842,55.140521,25.111822,3,4,1
999998,125.511953,55.167857,25.093562,2,2,1
3100000,289.485748,55.367945,25.218977,3,5,1
1650000,134.70935,55.278912,25.187093,2,3,0
1100000,86.678499,55.278912,25.187093,1,2,0
575000,76.366266,55.239772,25.060523,1,2,1
720000,97.733956,55.245559,25.06705,2,2,1
1700000,102.657815,55.268641,25.195236,2,3,1
1056711,62.616622,55.268641,25.195236,1,1,0
2500000,134.802253,55.276331000000006,25.200879,2,3,1
4500000,206.24466,55.276331000000006,25.200879,3,4,1
1898000,231.421373,55.247980000000005,25.109367,3,4,3
650000,91.04494,55.137728,25.063302,1,2,1
2900000,144.464165,55.271884,25.194282,2,3,0
590000,71.070795,55.142039,25.084397,1,2,0
1650000,127.834528,55.145205,25.086726,2,3,1
1800000,182.647298,55.139147,25.08058,2,3,1
1483888,69.212735,55.139276,25.0967,1,2,1
1390000,125.976468,55.128579,25.071504,2,3,1
2000000,271.369663,55.13738000000001,25.080787,4,5,1
1250000,98.662986,55.284662,25.193641,2,3,1
965000,93.088806,55.284662,25.193641,1,2,1
2300000,127.27711,55.131009,25.072573,2,3,2
350000,71.53531,55.36901999999999,25.107743,1,1,1
1050000,71.349504,55.135687,25.075974,1,2,1
530000,52.861807,55.140806000000005,25.071246,1,1,1
799000,94.389448,55.2121,25.051384,2,3,1
400000,63.452749,55.205661,25.042351,1,2,1
440000,73.39337,55.207506,25.064018,1,1,1
799000,124.768729,55.205119,25.041304,2,3,0
600000,71.163698,55.142462,25.034563,1,2,1
1250000,197.976293,55.25028199999999,25.045775,3,3,0
650000,57.506957,55.277238,25.18195,1,1,1
670000,82.219155,55.293914,25.005442,2,2,1
999000,81.75464,55.26991,25.191107,1,1,0
1650000,140.933851,55.27095500000001,25.19049,2,3,2
700000,79.060453,55.253595,25.012842000000003,1,2,1
2975000,259.663885,55.288017,25.145181,4,5,1
3600000,272.298693,55.141068,25.116077,3,4,1
3250000,376.535859,55.136122,25.114513,3,3,1
650000,93.460418,55.256553,25.00292,2,2,1
870000,132.944193,55.289975,25.008885,3,3,1
4300000,374.027478,55.31296700000001,25.099422,3,4,0
1230000,70.60628,55.2758,25.171461,1,2,1
1250000,147.71577,55.143347,25.112604,2,4,1
4200000,376.535859,55.13609,25.113366,3,4,0
930000,99.40621,55.183351,25.024387,2,2,0
1600000,164.159601,55.171817,25.094635,3,2,0
2700000,170.755714,55.274545,25.191527,3,4,1
1399999,114.921011,55.171022,25.089515,2,2,0
2400000,107.210062,55.12154,25.079537,1,1,1
1180000,120.216482,55.135515000000005,25.07715,2,3,1
1050000,138.42547,55.129647,25.068151,2,3,0
2495000,107.302965,55.12324,25.077424,1,2,1
370000,39.112163,55.214533,25.066475,0,1,2
1600000,102.56491199999999,55.280662,25.202977,2,2,0
2400000,171.87055,55.14874,25.090418,3,4,0
2100000,225.75429,55.13684,25.076576,2,3,0
1200000,182.74020099999998,55.271015000000006,25.180869,2,4,2
620190,78.03852,55.20955,25.04866,1,2,1
759000,83.148185,55.20955,25.04866,2,3,1
919000,49.145687,55.142624,25.082217,0,1,1
2399998,124.304214,55.280919,25.19331,2,3,1
759000,83.148185,55.20955,25.04866,2,2,2
1190500,146.322225,55.20955,25.04866,3,4,2
620190,78.03852,55.20955,25.04866,1,2,2
1190000,146.322225,55.20955,25.04866,3,4,2
620190,78.03852,55.20955,25.04866,1,2,1
759000,83.148185,55.20955,25.04866,2,3,1
1190500,146.322225,55.20955,25.04866,3,4,1
1750000,137.49644,55.141711,25.081421,2,2,1
1430000,80.639804,55.147768000000006,25.086575,1,2,1
2500000,260.1284,55.288017,25.145181,3,4,1
2500000,134.244835,55.282665,25.194935,2,2,1
3119900,98.198471,55.138932,25.113208,1,1,0
2649999,260.964527,55.313162,25.100921,2,3,1
620190,78.03852,55.20955,25.04866,1,2,1
759000,83.148185,55.20955,25.04866,2,2,1
2000000,119.101646,55.145574,25.087251,2,2,1
1190500,146.322225,55.20955,25.04866,3,3,1
1800000,108.417801,55.271023,25.19702,2,2,1
620190,78.03852,55.20955,25.04866,1,2,1
759000,83.148185,55.20955,25.04866,2,3,1
900000,96.990732,55.178082,25.110967,1,2,0
629999,70.048862,55.173061,25.093469,1,1,1
849000,71.814019,55.177657,25.108984,1,2,0
1190500,146.136419,55.20955,25.04866,3,4,1
1991888,96.712023,55.268641,25.195236,1,2,0
2850000,117.243586,55.269439,25.194186,2,2,1
1396000,78.874647,55.134126,25.079895,1,2,1
1525000,68.655317,55.269439,25.194186,1,1,1
3500000,118.079713,55.276331000000006,25.200879,2,3,0
3100000,269.697409,55.140806000000005,25.071246,3,4,1
1600000,106.83845,55.268641,25.195236,2,3,0
1926888,69.398541,55.141275,25.09938,1,2,0
1254888,89.093977,55.247629,25.114013,2,3,1
2900000,137.868052,55.271342,25.198796,2,3,1
1550000,183.483425,55.139716,25.115834,2,3,1
2900000,279.359321,55.265426,25.19003,3,4,2
1276000,149.109315,55.267193000000006,25.01936,2,3,1
1790000,137.960955,55.267193000000006,25.01936,3,4,1
1700000,126.905498,55.132888,25.073778,2,3,1
949999,57.506957,55.14736,25.086376,1,1,1
1099000,134.151932,55.128579,25.071504,2,2,1
400000,41.527641,55.221523,25.035109,0,1,1
2400000,168.433139,55.132511,25.075624,3,3,0
500000,79.060453,55.207423,25.068608,1,2,1
2700000,163.230571,55.28205,25.211032,2,3,1
1284888,59.179211,55.269308,25.194328,1,2,1
574000,94.017836,55.20499,25.038808,2,3,1
1270888,59.179211,55.269308,25.194328,1,2,1
2200000,166.017661,55.145205,25.086726,3,3,1
1850000,182.74020099999998,55.291922,25.185823000000003,3,3,0
570000,65.310809,55.245559,25.06705,1,2,1
2800000,149.295121,55.274378000000006,25.197198,3,4,0
795000,152.546726,55.248748,25.0476,2,2,0
1599888,134.059029,55.278912,25.187093,2,3,2
1425000,167.2254,55.142538,25.110345,2,2,1
899000,119.380355,55.138519,25.081251,2,2,1
1599950,123.003572,55.137779,25.074167000000003,2,2,2
1399000,106.373935,55.145767000000006,25.110632,1,2,0
1750000,110.182958,55.27281800000001,25.191753,1,2,0
3500000,139.911918,55.282343,25.194761,2,3,0
2999999,232.2575,55.13738000000001,25.080787,3,2,2
2399950,140.190627,55.14925,25.084336,2,2,1
4500000,195.282106,55.123037,25.077982,3,4,1
2999999,155.519622,55.136286,25.072375,3,4,2
1500000,59.45792,55.126527,25.072569,1,2,1
3399999,109.718443,55.126527,25.072569,3,4,1
9999999,338.259823,55.126527,25.072569,4,5,1
1400000,57.228248,55.14736,25.086376,1,1,1
2490000,231.32847,55.146735,25.082518,3,4,1
410000,76.923684,55.150016,25.03335,1,2,1
799000,45.801179,55.308533,25.177819,1,1,1
395000,41.80635,55.137452,25.065736,0,1,2
1510000,161.744123,55.282216000000005,25.189020000000003,2,3,1
1500000,161.744123,55.282216000000005,25.189020000000003,2,3,1
1350000,102.657815,55.132798,25.073156,2,2,0
349000,37.1612,55.217377,25.060989000000003,1,1,0
426000,36.232169999999996,55.209389,25.058746,0,1,1
5650000,269.232894,55.140306,25.081974,5,4,1
3100000,271.090954,55.14066,25.082397,4,3,1
5500000,304.443131,55.14925,25.084336,5,4,1
620190,78.03852,55.20955,25.04866,1,2,1
759000,83.148185,55.20955,25.04866,2,3,1
1190500,146.322225,55.20955,25.04866,3,4,1
1600000,137.49644,55.142441000000005,25.082004,2,3,1
450000,67.540481,55.217965,25.039514,1,2,1
1395000,167.875721,55.14066,25.082397,3,4,1
3090000,159.235742,55.280662,25.202977,3,4,0
4100000,185.806,55.270189,25.201204,3,5,1
800000,161.558317,55.12918199999999,25.068292,2,3,2
720000,87.421723,55.135145,25.071718,1,2,1
494999,53.976643,55.291467,25.010196,1,1,1
780000,50.353426,55.138542,25.074958,0,1,1
4800000,266.910319,55.153599,25.123736,3,4,1
1250000,159.97896599999999,55.171427,25.091001,2,3,0
1499998,218.507856,55.131088,25.071448,2,2,0
349999,54.255352,55.201659,25.059555,1,2,1
1420888,133.594514,55.290055,25.010066,3,3,1
725888,65.0321,55.289786,25.010572,1,2,1
1010888,153.754465,55.289786,25.010572,2,2,1
2400000,165.36734,55.159461,25.077948000000003,3,3,1
1650000,172.892483,55.149287,25.085305,1,1,1
1698000,140.469336,55.25658000000001,25.183133,2,3,0
1800000,103.772651,55.119736,25.079247,1,2,1
1737000,108.046189,55.25277,25.240419,2,3,1
1271000,68.004996,55.25277,25.240419,1,2,1
4127000,182.647298,55.25277,25.240419,3,4,1
1230000,120.216482,55.135515000000005,25.07715,2,3,1
380000,63.081137,55.216245,25.064191,1,1,1
940000,85.00624499999999,55.276951,25.186836,1,1,1
2600000,259.292273,55.26250699999999,25.181311,4,6,1
1789999,190.45115,55.267035,25.191772,3,5,1
690000,66.332742,55.138863,25.081955,0,1,1
2100000,150.874472,55.270677,25.191719,2,2,1
2100000,142.977717,55.270677,25.191719,2,2,1
1600000,106.281032,55.14773,25.109306,1,2,2
625000,76.459169,55.14935,25.022618,1,2,1
658000,68.097899,55.20458000000001,25.056225,1,2,1
845000,79.803677,55.24055,25.064808,1,2,1
399990,46.823112,55.20955,25.04866,0,1,0
1550000,79.89658,55.14736,25.086376,1,2,0
2299000,216.278184,55.14512,25.081243,3,4,1
4100000,167.2254,55.126527,25.072569,2,2,1
12949888,283.911568,55.271884,25.194282,4,4,1
890000,107.302965,55.26418,25.189124,1,2,1
2140000,161.279608,55.145205,25.086726,3,3,1
701150,70.420474,55.139751,25.067137,1,2,2
1100000,104.05136,55.13691,25.073851,2,2,1
2999900,175.400864,55.274196,25.197316,2,2,1
1724900,101.821688,55.274196,25.197316,1,2,1
419000,91.97397,55.150016,25.03335,1,2,1
1250000,105.90942,55.133788,25.075454,1,2,1
415000,73.950788,55.40896600000001,25.167489,1,2,1
340000,76.923684,55.201444,25.035639,1,2,1
1254462,128.020334,55.148277,25.078148,2,3,2
250000,32.794759,55.390236,25.115934,0,1,0
750000,137.310634,55.206605,25.047032,2,4,1
1318000,116.593265,55.145205,25.086726,2,2,1
430000,43.478604,55.232983,25.065872,0,1,1
2100000,97.455247,55.27451800000001,25.197059,1,2,1
2949900,165.181534,55.274196,25.197316,2,3,1
1300000,133.873223,55.17514499999999,25.0902,2,2,1
1300000,123.56099,55.137779,25.074167000000003,2,2,1
950000,131.271939,55.244499,25.044286,2,3,1
1075000,61.501786,55.144753,25.08333,1,2,1
730000,70.699183,55.142559,25.078967,1,2,1
870000,91.137843,55.262255,25.186039,2,3,0
7500000,251.209712,55.282665,25.194935,4,5,2
1900000,105.816517,55.14145500000001,25.099744,2,2,2
875000,89.558492,55.142559,25.078967,2,2,1
1550000,165.088631,55.13609,25.113366,2,3,0
27500000,625.701705,55.235827,25.215192,4,5,1
1200000,201.413704,55.402921,25.125436,3,5,0
3600000,81.75464,55.27886899999999,25.194282,1,2,1
875000,128.20614,55.151898,25.0781,2,2,1
2100000,170.569908,55.277978,25.207533,2,2,1
475000,97.919762,55.386419,25.090365,2,2,1
3400000,271.090954,55.14066,25.082397,4,4,0
5500000,253.439384,55.274196,25.197316,3,4,2
2360000,159.049936,55.271884,25.194282,2,2,1
989888,130.0642,55.154654,25.027747,2,3,1
1253980,128.020334,55.148277,25.078148,2,3,2
712250,71.53531,55.148277,25.078148,1,2,2
6800000,378.11521,55.343628,25.226946,4,4,1
1200000,119.93777299999999,55.148385,25.087042,2,3,1
4500000,219.25108,55.280919,25.19331,3,4,1
1850000,91.230746,55.280919,25.19331,1,2,1
3100000,167.782818,55.124993,25.071365,3,4,1
1100000,60.851465,55.139276,25.0967,1,2,1
1275000,133.315805,55.14866899999999,25.078262,2,4,1
8500000,285.862531,55.270189,25.201204,5,5,1
1050000,125.41905,55.137946,25.081241,1,2,1
700000,90.580425,55.148929,25.089463,1,2,1
900000,139.726112,55.149141,25.030322,2,2,1
1200000,123.746796,55.28915799999999,25.189282,2,3,0
1210000,145.579001,55.271015000000006,25.180869,1,2,0
950000,101.635882,55.17514499999999,25.0902,2,2,1
1250000,128.949364,55.135006,25.07662,2,3,1
2350000,134.430641,55.282665,25.194935,2,3,1
2700000,192.30921,55.28205,25.211032,3,3,1
1900000,120.7739,55.270758,25.198316,2,3,1
1050000,130.807424,55.171259,25.09516,2,2,0
1500000,147.065449,55.145799,25.109267000000003,2,3,0
1900000,134.059029,55.134432,25.075284,2,2,0
2789900,143.628038,55.274196,25.197316,2,3,1
3600000,193.331143,55.280919,25.19331,3,4,1
865000,116.035847,55.146035,25.077009,2,2,2
520000,96.526217,55.36883,25.104249,2,3,0
425000,63.359846,55.205661,25.042351,1,1,1
3159888,147.62286699999999,55.34555400000001,25.203553,3,3,1
2000000,130.0642,55.271342,25.198796,2,3,1
1250000,161.093802,55.131058,25.067539,3,3,0
1275000,188.685993,55.143825,25.074521,2,4,1
1548000,122.44615399999999,55.168657,25.091259,2,2,2
625000,85.377857,55.246714,25.046706,1,2,0
520000,85.656566,55.221942000000006,25.037477,1,2,0
465000,75.530139,55.221577,25.038181,1,2,1
1400000,127.834528,55.145205,25.086726,2,3,1
949000,89.001074,55.145075,25.08377,1,2,1
1200000,105.259099,55.344612,25.207208,2,2,1
1599999,143.720941,55.14874,25.090418,3,3,2
2800000,145.950613,55.270983,25.201718,2,3,1
2099950,134.059029,55.134432,25.075284,2,3,0
2100000,150.317054,55.270028,25.197262,1,2,1
1248975,73.672079,55.308533,25.177819,2,2,1
757809,45.801179,55.308533,25.177819,1,1,2
1190000,161.093802,55.131058,25.067539,3,3,0
1100000,172.520871,55.23268100000001,25.062191,3,3,1
950000,129.785491,55.178291,25.100994,2,3,1
1400000,157.00607,55.148529,25.07887,2,3,2
2650000,280.752866,55.133627,25.076319,4,5,2
700000,60.758562,55.249159,25.115696,1,1,1
1000000,121.238415,55.146759,25.088431,2,2,0
720000,68.469511,55.147796,25.089393,1,2,0
1800000,184.969873,55.146673,25.10864,2,2,0
420000,85.935275,55.150016,25.03335,1,2,1
474000,44.407634,55.21335,25.050227,0,1,1
925000,78.131423,55.137779,25.074167000000003,1,1,1
370000,66.146936,55.193467000000005,25.039445,1,2,1
17798550,572.28248,55.110888,25.110129,3,5,1
1490000,200.763383,55.150625,25.089833,3,4,1
7800000,240.24715799999998,55.13862099999999,25.084102,3,4,0
2027888,99.40621,55.34522,25.20997,2,2,1
840477,44.036022,55.131535,25.071897,0,1,1
2700000,219.529789,55.139178,25.08022,3,4,1
1349888,98.012665,55.29175,25.186038,2,3,2
1349888,128.949364,55.29175,25.186038,2,3,2
949999,90.208813,55.14874,25.090418,1,3,1
220000,44.965052,55.402315,25.173301,0,1,0
6500000,244.241987,55.151574,25.132519,3,5,1
1025000,98.662986,55.284662,25.193641,2,3,1
645000,70.048862,55.173061,25.093469,1,1,1
2899999,109.718443,55.126352,25.07359,2,3,1
900000,57.228248,55.2763,25.185337,0,1,1
599999,105.90942,55.246714,25.046706,1,2,0
1550000,120.7739,55.264968,25.193359,2,3,1
2974999,259.663885,55.295714,25.150828,4,6,1
1601000,141.677075,55.254337,25.013504,2,2,0
2142888,105.259099,55.139276,25.0967,2,3,3
1715000,73.300467,55.141746,25.099793,1,2,3
2551888,116.314556,55.141746,25.099793,2,2,3
3800000,199.74145,55.136283,25.07851,2,2,1
1050000,70.60628,55.34522,25.20997,1,2,1
2300943,101.728785,55.138630000000006,25.112237,2,3,1
1265000,115.292623,55.269631,25.196593,2,3,1
230000,33.630886,55.200909,25.036803,0,1,1
230000,35.30314,55.200909,25.036803,0,1,1
300000,45.801179,55.137291000000005,25.044519,0,1,0
500000,44.036022,55.320758,25.213527,0,1,2
17888888,488.019459,55.272126,25.196489,4,4,1
1350000,123.56099,55.147796,25.089393,2,3,1
3125000,168.526042,55.14736,25.086376,3,4,1
1340000,125.14034099999999,55.171838,25.088533,2,2,1
810000,67.540481,55.281546,25.190265,1,1,1
1000000,61.315979999999996,55.144753,25.08333,1,2,1
930000,67.168869,55.128814,25.068933,1,2,1
1800000,123.375184,55.147796,25.089393,2,3,1
850000,129.878394,55.149141,25.030322,2,2,1
550000,122.817766,55.20485600000001,25.038332,2,3,1
1600000,68.934026,55.280473,25.201842000000003,1,1,1
600000,45.057955,55.2699,25.187683,0,1,1
675000,81.475931,55.13875,25.025999,1,1,0
1170000,84.913342,55.29175,25.186038,1,1,1
2000000,189.800829,55.29175,25.186038,3,3,1
1698000,140.469336,55.25658000000001,25.183133,2,3,1
4335888,157.9351,55.139276,25.0967,3,3,1
3029888,154.404786,55.359464,25.194898,3,3,1
2166888,100.985561,55.280662,25.203035,2,2,1
4507888,149.016412,55.268641,25.195236,3,3,1
718000,71.442407,55.24290799999999,25.024108,1,2,0
718000,71.442407,55.24290799999999,25.024108,1,2,0
546000,47.287627,55.24290799999999,25.024108,0,1,0
718000,71.442407,55.24290799999999,25.024108,1,2,0
546000,47.287627,55.24290799999999,25.024108,0,1,0
1870000,114.921011,55.26667,25.183515,2,2,1
1442977,120.959706,55.254337,25.013504,1,1,0
1645000,150.409957,55.254337,25.013504,2,2,0
3690888,162.301541,55.125561,25.071077,3,3,1
709000,43.571507,55.26667,25.183515,1,1,1
710000,43.199895,55.26667,25.183515,1,1,1
713000,43.66441,55.26667,25.183515,1,1,1
786000,43.292798,55.282766,25.18813,1,1,1
794000,43.757312999999996,55.26667,25.183515,1,1,1
1288000,84.820439,55.282766,25.18813,2,2,1
690000,39.762484,55.26667,25.183515,0,1,1
999000,64.660488,55.26667,25.183515,1,1,1
2437000,157.563488,55.26667,25.183515,3,3,1
2439000,156.634458,55.26667,25.183515,3,3,1
2448000,157.563488,55.26667,25.183515,3,3,1
2312000,97.176538,55.26667,25.183515,1,2,0
1644000,92.066873,55.26667,25.183515,2,2,0
3863000,178.652469,55.145517000000005,25.08726,3,4,1
3890000,180.138917,55.145517000000005,25.08726,3,4,1
1915000,185.806,55.291922,25.185823000000003,3,4,2
1340000,130.0642,55.171838,25.088533,2,2,1
560000,45.615373,55.26749,25.187446,0,1,1
999000,146.229322,55.20799399999999,25.052742,2,3,1
1300000,137.58934299999999,55.211000000000006,25.047618,2,4,0
2750000,153.940271,55.13586,25.072696,3,4,0
2160888,108.789413,55.141275,25.09938,2,3,0
4278888,335.101121,55.15786899999999,25.07868,3,3,1
950000,144.557068,55.146640000000005,25.033564,3,4,1
3900000,201.59951,55.139394,25.082485,3,3,1
620000,70.977892,55.173619,25.092881,1,1,1
700000,62.802428,55.284458,25.175689,1,2,1
1200000,77.202393,55.271342,25.198796,1,2,1
810000,82.590767,55.141291,25.066988,2,2,0
1100000,69.119832,55.270168000000005,25.19752,1,2,0
3762888,203.550473,55.15786899999999,25.07868,3,3,1
2299000,134.244835,55.282343,25.194761,2,3,1
1800000,107.58167399999999,55.152902000000005,25.12913,1,2,1
1000000,152.546726,55.248748,25.0476,2,3,0
489100,52.02568,55.20955,25.04866,0,1,1
480000,47.752142,55.211000000000006,25.047618,0,1,0
850000,38.09023,55.252577,25.181304,0,1,1
330000,27.313482,55.379105,24.98987,0,1,1
650000,64.381779,55.137487,25.078241,1,2,0
680000,71.53531,55.19973,25.050516,1,2,1
5170000,181.996977,55.13193100000001,25.0799,4,4,1
595000,69.026929,55.206373,25.048095,1,2,1
1500000,91.509455,55.277919,25.186913,1,2,1
3950000,186.73503,55.270983,25.201718,3,3,1
1780000,190.45115,55.169437,25.094173,3,3,0
1550000,145.486098,55.17307099999999,25.033519,2,2,0
935000,56.577927,55.138542,25.074958,1,2,1
4362888,110.740376,55.271449,25.195237,2,3,0
19498888,488.019459,55.272126,25.196489,4,5,0
420000,82.404961,55.21530500000001,25.051846,1,2,0
1790000,197.697584,55.170207,25.094276,3,4,1
1586888,56.392121,55.271797,25.195483,1,2,0
2000000,271.369663,55.13738000000001,25.080787,3,3,1
1175000,206.058854,55.24704200000001,25.048067,2,3,0
900000,143.99965,55.246784,25.043586,2,3,0
11000000,291.158002,55.270189,25.201204,5,6,1
850000,42.270865,55.283374,25.191189,0,1,1
1088888,130.99323,55.295312,25.005753,3,3,0
1088888,126.812595,55.296535,25.004936,3,3,1
650000,83.241088,55.14530799999999,25.075364,1,2,1
920000,109.997152,55.139396,25.069288,2,3,1
3000000,333.800479,55.145389,25.076309,3,4,1
3350000,289.114136,55.13821899999999,25.080327,4,4,1
4400000,222.781394,55.140737,25.11594,3,4,1
480000,47.659239,55.26749,25.187446,0,1,1
2100000,210.611101,55.367945,25.218977,3,4,2
695000,66.239839,55.138863,25.081955,0,1,0
2100000,149.759636,55.294217,25.233787,2,2,2
2749000,228.076865,55.13786999999999,25.080162,4,5,1
839000,84.170118,55.178031,25.108627,1,2,0
5900000,178.652469,55.138714,25.083858,2,3,1
3000000,173.449901,55.140317,25.077327,3,3,1
711000,69.398541,55.207733,25.051513,1,2,1
1444000,81.290125,55.189006000000006,25.137198,1,1,1
1750000,152.546726,55.170014,25.09003,2,2,0
3511888,154.776398,55.138635,25.112193,3,3,0
624888,29.821863,55.138635,25.112193,0,1,0
2270000,112.970048,55.25277,25.240419,2,3,1
1200000,113.155854,55.198611,25.047662,2,3,0
1750000,256.505183,55.127361,25.069516,3,4,1
2150000,126.998401,55.274545,25.191527,2,2,1
395000,98.198471,55.365680000000005,25.111535,1,2,1
699999,66.239839,55.138863,25.081955,0,1,0
896000,85.00624499999999,55.247980000000005,25.109367,1,2,1
777950,65.868227,55.142183,25.082591,1,1,1
600000,96.990732,55.246543,25.044699,1,2,1
1000000,121.238415,55.146759,25.088431,2,3,2
6800000,378.11521,55.343628,25.226946,4,4,2
450000,58.064375,55.248316,25.045454,0,1,0
1307392,89.744298,55.31365400000001,25.100474,1,2,0
690777,67.81919,55.105457,25.023846,2,2,1
330000,42.177962,55.223079000000006,25.031902,0,1,0
400000,65.868227,55.20485600000001,25.038332,1,2,0
1850000,120.402288,55.141387,25.116492,1,1,1
650000,47.752142,55.211000000000006,25.047618,0,1,0
1249999,142.513202,55.295714,25.150828,2,3,1
2500000,163.230571,55.28205,25.211032,2,3,1
500000,57.59986,55.146011,25.076447,1,1,2
2000000,165.646049,55.177657,25.108984,3,4,0
1200000,151.710599,55.148401,25.107353,2,3,1
1250000,73.486273,55.153066,25.125472,1,2,1
4600000,187.571157,55.270983,25.201718,3,4,1
674000,87.32882,55.144174,25.073851,1,2,1
1490000,111.297794,55.271002,25.196398,2,3,0
1300000,76.366266,55.14736,25.086376,1,2,1
1750000,152.546726,55.170014,25.09003,2,2,1
559999,99.499113,55.211803,25.051021,1,2,1
850000,123.375184,55.136879,25.071356,2,3,0
1419000,123.56099,55.441623,25.227337,2,3,1
1696000,148.6448,55.441623,25.227337,3,3,1
2500000,123.468087,55.270983,25.201718,2,3,1
1590000,123.096475,55.265446,25.179868,2,3,2
1400000,125.976468,55.270168000000005,25.19752,2,3,1
385000,36.975394,55.152381000000005,25.080143,0,1,1
1700000,143.163523,55.244923,25.107984,2,3,1
1500000,122.167445,55.244923,25.107984,2,3,1
1150000,87.607529,55.272707,25.177373,1,2,1
1500000,79.524968,55.26942,25.195039,1,2,1
799999,86.306887,55.28915799999999,25.189282,1,2,1
2425000,185.806,55.25658000000001,25.183133,3,5,1
1698000,140.469336,55.25658000000001,25.183133,2,3,1
2300000,150.781569,55.188892,25.136864000000003,2,2,1
4950888,216.835602,55.135862,25.072697,4,4,1
1366000,75.808848,55.25277,25.240419,1,1,1
4905000,146.229322,55.235827,25.215192,1,1,1
9209000,208.938847,55.235827,25.215192,2,2,1
730000,72.185631,55.252492,25.01802,1,1,0
1200000,95.318478,55.27839399999999,25.187129,1,2,1
3499888,152.268017,55.274196,25.197316,2,3,2
2099888,105.259099,55.274196,25.197316,1,2,1
1375000,117.98681,55.26250699999999,25.181311,2,2,1
1400000,127.370013,55.14480699999999,25.085322,2,3,1
1000000,84.448827,55.281004,25.18984,1,2,0
1980000,172.149259,55.145075,25.08377,3,3,1
1113661,110.926182,55.212972,25.051528,2,3,1
649411,64.10307,55.212972,25.051528,1,1,1
1850000,152.175114,55.247980000000005,25.109367,3,4,1
420000,87.979141,55.150016,25.03335,1,2,0
2600000,137.960955,55.282665,25.194935,2,3,1
550000,76.552072,55.404096,25.16729,1,2,1
770000,84.170118,55.13875,25.025262,2,2,1
558000,30.193475,55.31558199999999,25.208435,1,1,3
260000,37.254103,55.245986,25.004258,0,1,1
5796888,172.892483,55.271449,25.195237,3,4,1
420000,39.94829,55.09212,24.978409,0,1,1
940000,70.420474,55.296535,25.158305,1,2,1
1800000,114.456496,55.27154399999999,25.19084,2,2,1
2512000,139.726112,55.189006000000006,25.137198,2,2,1
4943888,112.784242,55.271892,25.195745,2,2,0
5876888,144.649971,55.271892,25.195745,3,3,0
995000,64.660488,55.26667,25.183515,1,1,1
1045000,110.09005499999999,55.149287,25.085305,1,2,1
1600000,162.67315299999999,55.265962,25.190578,2,3,1
2500000,277.965776,55.150625,25.089833,3,5,0
360000,40.134096,55.216712,25.053643,0,1,2
1540000,70.884989,55.126352,25.07359,1,2,1
1350000,126.162274,55.201813,25.046403,2,2,3
1350000,126.069371,55.201813,25.046403,2,2,3
899999,123.375184,55.138814,25.064767,2,3,1
1350000,125.790662,55.201813,25.046403,2,2,3
3800000,176.236991,55.126352,25.07359,3,2,1
1350205,124.675826,55.201813,25.046403,2,2,3
2000000,105.259099,55.274196,25.197316,1,2,1
3300000,321.072768,55.131088,25.071448,3,5,0
1650000,144.742874,55.159380000000006,25.077955,2,2,1
661504,62.709525,55.200783,25.046296,1,2,3
958205,121.795833,55.200783,25.046296,2,3,3
840000,107.024256,55.139396,25.069288,2,2,0
1600000,166.946691,55.171817,25.094635,3,3,1
1650000,121.052609,55.13684,25.076576,2,3,1
619500,79.060453,55.20955,25.04866,1,2,3
750204,97.083635,55.20955,25.04866,2,3,3
2400000,165.553146,55.275199,25.206412,2,3,0
900000,89.837201,55.204233,25.049763,1,2,1
365000,38.926357,55.214533,25.066475,0,1,1
650503,69.770153,55.212972,25.051528,1,2,3
999505,111.297794,55.212972,25.051528,2,3,3
2250000,124.582923,55.25277,25.240419,2,3,1
1550000,89.18688,55.277978,25.207533,1,2,1
610502,75.437236,55.206373,25.048095,1,2,3
580000,44.965052,55.13213,25.067918,1,1,1
3400000,271.090954,55.14066,25.082397,4,4,0
2192000,125.511953,55.188957,25.137409,2,2,1
2448000,158.120906,55.188957,25.137409,2,2,1
2112000,126.255177,55.188957,25.137409,2,2,1
699505,78.03852,55.21335,25.050227,1,2,3
2121000,128.020334,55.188957,25.137409,2,2,1
370000,34.559916,55.20792900000001,25.066252,0,1,2
1525000,120.7739,55.265446,25.179868,2,3,1
950000,78.131423,55.136982,25.073151,1,1,1
2245888,106.188129,55.141275,25.09938,2,2,1
1550000,122.910669,55.137779,25.074167000000003,2,2,1
1212000,120.959706,55.17238199999999,25.090018,2,3,1
1550000,114.549399,55.144753,25.08333,2,2,0
1100000,82.126252,55.142624,25.082217,1,2,1
2800000,255.018735,55.313162,25.100921,2,3,1
400888,38.554745,55.154713,25.07913,0,1,2
400888,38.554745,55.154713,25.07913,0,1,2
2100000,120.7739,55.189435,25.137673,2,2,1
1500000,98.291374,55.133627,25.076319,1,2,2
1250000,127.927431,55.136065,25.071436,2,2,0
1750000,152.546726,55.170014,25.09003,2,3,1
1100000,83.519797,55.34360699999999,25.206125,1,1,1
443850,39.205066,55.200783,25.046296,0,1,1
3200000,158.771227,55.268641,25.195236,3,4,0
2950000,282.332217,55.264937,25.190137,3,4,1
270000,42.73538,55.378277,25.091311,0,1,0
499000,62.430816,55.140806000000005,25.071246,1,1,1
2112000,126.255177,55.188957,25.137409,2,3,3
4000000,187.942769,55.270983,25.201718,3,3,1
700000,54.905673,55.12856800000001,25.069265,1,1,0
920000,72.278534,55.282704,25.182869,1,2,1
1650000,175.58667,55.136449,25.111229,1,2,1
1599990,191.287277,55.17069,25.094684,3,3,1
1500000,224.082036,55.136065,25.071436,3,4,1
400888,37.439909,55.148277,25.078148,0,1,1
760888,83.984312,55.148277,25.078148,1,2,1
1005888,99.684919,55.148277,25.078148,2,2,1
1550888,140.933851,55.148277,25.078148,3,3,1
590000,101.635882,55.385389,25.090987,2,2,1
1750000,123.003572,55.136939,25.077213,2,2,0
2600000,204.851115,55.135687,25.075974,3,4,0
2400000,171.127326,55.137946,25.081241,2,2,0
795000,71.442407,55.278974,25.209806,1,2,1
1975000,276.758037,55.150625,25.089833,3,3,0
838000,86.213984,55.13875,25.025262,2,3,1
2300000,170.569908,55.277978,25.207533,2,3,1
34340000,810.299966,55.149621,25.103972,4,6,2
1781920,109.997152,55.309922,25.176686,2,3,0
1352888,69.212735,55.141275,25.09938,1,1,1
2800000,186.920836,55.2758,25.171461,3,3,1
15950000,469.067247,55.149621,25.103972,4,6,2
488888,64.846294,55.297034,25.00373,1,2,1
1459888,70.420474,55.141699,25.100553,1,1,1
1350000,146.693837,55.14512,25.081243,2,4,0
1499000,175.02925199999999,55.131009,25.072573,3,3,0
2130888,73.486273,55.28566800000001,25.195503,1,2,1
890000,70.60628,55.34555400000001,25.203553,1,1,1
2400000,259.942594,55.150723,25.079569,3,5,1
1850000,130.0642,55.171065000000006,25.088903,2,2,1
2090000,98.570083,55.14034300000001,25.080542,2,2,1
1970000,81.940446,55.126527,25.072569,1,2,1
3300000,109.62554,55.126527,25.072569,2,3,0
31440000,607.771426,55.149621,25.103972,4,6,2
4856888,193.981464,55.141275,25.09938,3,3,1
1396000,155.333816,55.262829,25.208262,1,2,0
1300000,171.220229,55.128579,25.071504,3,3,1
1400000,108.975219,55.149275,25.106668,1,1,0
3800000,167.875721,55.128089,25.072954,3,3,1
7000000,377.929404,55.343628,25.226946,4,6,0
1175000,301.656041,55.137958,24.865992,3,2,2
2000000,79.617871,55.126352,25.07359,1,2,1
980888,101.078464,55.26991,25.191107,1,1,1
1350000,146.600934,55.14512,25.081243,2,4,0
18040888,488.019459,55.272126,25.196489,4,4,1
360000,55.7418,55.254242000000005,25.15308,0,1,1
2700000,99.963628,55.148769,25.10433,1,2,1
550000,78.688841,55.221942000000006,25.037477,1,2,1
1500000,100.985561,55.310712,25.176892,2,2,3
1230000,70.60628,55.276684,25.166145,1,2,1
2900000,179.30279,55.34505600000001,25.2065,3,5,1
675000,68.74822,55.22984399999999,25.073858,1,2,1
760887,74.3224,55.154713,25.07913,1,2,2
